name,age,street,city,state,zip,lng,lat
Christopher Kirby,55,109 Johnson Fort,Choifort,Connecticut,57254,-164.561063,-43.109763
Kim Copeland,74,5666 Meza Terrace,East Adamborough,Delaware,78598,-34.458157,61.5684365
Rachel Burns,44,6205 Lewis Ways Apt. 948,Richardhaven,North Carolina,53179,-108.769153,-19.705131
Debra Johnson,32,946 Jeffrey Parks Apt. 269,Lake Megan,Massachusetts,27074,81.858732,-16.605923
Steven Browning,21,481 Baxter Station,West Aaron,Texas,16203,118.709287,81.6433595
Timothy Ramos,39,2343 Larry Mall Apt. 223,West Todd,Utah,79444,87.219820,-52.7438835
Crystal Anderson,79,214 Robertson Heights Apt. 800,Timothymouth,New Jersey,39476,46.499576,-83.323573
Edward Morris,62,5457 Cuevas Manor Apt. 435,North Michaelburgh,Georgia,06021,73.971332,13.871802
Chris French,37,0530 Lisa Union,Lake Christopherton,Oklahoma,36107,1.806177,27.087322
Michael Gonzales,39,441 Rocha Mall,Fernandeztown,Ohio,45893,-99.368545,-39.883759
Jeffrey Macias,49,5035 Carlos Mall Suite 546,Grossport,Minnesota,67985,114.039627,-49.198333
Tonya Long,22,25196 Jacobson Knoll,South Timothystad,California,73273,124.148994,84.2590775
Amanda Watkins,80,058 Ford Landing Apt. 182,North Emily,Oklahoma,80731,-100.517080,67.748593
Willie Sharp,33,28451 Shannon Cove,Danielchester,Kentucky,17868,110.863339,39.8601075
Heather Fisher,32,0619 Lisa Row Suite 795,Williammouth,Minnesota,06171,167.081711,-36.2945335
Mark Evans,61,6118 Deborah Squares,North April,West Virginia,48134,76.539271,70.649115
Gwendolyn Fields,37,529 Christine Stravenue,Donaldberg,Massachusetts,56169,109.451725,65.245431
Jeremy Mcclain,42,4461 Valerie Manor Apt. 648,New Amanda,West Virginia,15308,-113.549409,-23.146544
Scott Sims,25,962 Chad Divide Suite 250,Bradshire,South Dakota,73533,104.909968,79.503660
James Kelley,60,26235 Chapman Orchard,Cherylmouth,Mississippi,50603,139.037052,42.287835
Deanna Madden,27,9580 Diane Neck Suite 191,Lake Michelleshire,Kansas,53483,122.638257,-63.4424635
Lisa Carter,72,78091 Mary Terrace,Lake Peterfurt,North Dakota,38772,-85.842392,-57.834120
Danielle Matthews,65,6393 Davis Streets,Duffyfurt,Idaho,52235,-121.093122,42.931738
William Morgan,32,7487 Martin Burgs,East Andrew,Wyoming,91779,27.839197,14.722922
Daniel Cooley,58,403 Thornton Passage Apt. 943,Lake Charlestown,Maryland,64308,118.162169,34.706527
Jacob Carey,33,784 Daniels Shore,Port Josephchester,South Dakota,63702,-66.966835,81.993826
Jeffrey Hendrix,48,57583 Tracy Bypass,West Maria,Hawaii,81246,67.044080,63.5157345
David Miller,56,4914 Miller Parkways Suite 434,Brittanytown,Kansas,22903,-102.986668,-23.002583
Natasha Wilkins,70,72625 Joseph Village Suite 959,Burnettville,North Dakota,05415,46.486718,85.499284
Elizabeth Hodge,66,18616 Andre Hills Apt. 118,West Brenthaven,Minnesota,33214,-171.330910,-82.9652165
Kimberly Meyer,40,91394 Colin Plains,Garciamouth,Oklahoma,37486,-89.449901,-37.3839655
Ms. Jessica Ward PhD,67,6670 Park Stream,Bryanchester,Minnesota,59406,29.811280,-5.408219
Andrea Mckinney,64,60414 Delgado Haven Apt. 660,North Jacob,West Virginia,37402,167.704500,57.452973
Kristen Sutton,71,237 Petty Highway Apt. 497,Carterberg,Mississippi,97004,175.913586,53.727033
Linda Hawkins,53,51475 Lowery Port,Diazbury,Hawaii,23730,29.514770,71.3819165
Daniel Smith,66,10797 Leon Dale,West Michellefort,Texas,06965,-100.665400,37.193997
Joshua Myers,19,0492 Jessica Meadows Apt. 199,New Ryan,Washington,34625,177.159613,50.6633705
Caitlin Sims,35,289 Sarah Springs,Lake Patricia,Alabama,07209,-31.663387,81.0681355
Tanya Miller,53,522 Raymond Ways Apt. 825,Port Brian,North Carolina,03479,81.030818,-16.904261
Barry Keith,25,11485 Anderson Creek Suite 643,South Lindamouth,Texas,02047,48.040338,4.016298
John Conner,68,85843 Tiffany Rest,South Debraberg,New York,09367,-137.351029,-73.9634025
Edward Clarke,52,17879 Kirby Gardens Apt. 254,Johnton,Michigan,94363,-103.995999,-18.3057425
Joseph Stephenson,64,6677 Hughes Port Suite 571,Strongberg,Illinois,08713,-103.496003,-3.2910765
Erica Lewis,38,5585 Calderon Shore Suite 433,Lake Jose,West Virginia,60728,163.926523,80.873878
Jason Knox,33,610 Thomas Alley,East Billyland,Maine,92884,1.231210,-15.3281885
Gary Brown,37,09767 Austin Underpass Suite 531,East Timothyside,Illinois,05812,53.197835,-56.767192
Caitlin Hayes,66,3187 Snyder Hill Apt. 789,Cruzton,Montana,20214,21.513393,-2.524438
Tiffany Wallace,68,057 Ramirez Union,Nicolebury,Mississippi,91294,-171.497656,51.0555615
Carrie Stuart,71,044 Cox Knolls Apt. 641,Thompsonmouth,New York,63363,-119.850554,50.809251
Douglas Rice,53,5676 Williams Landing Suite 333,Jenniferville,Washington,27463,-12.096314,-72.777720
Debbie Ingram,33,2751 Scott Union Suite 824,South Samantha,Kansas,82481,179.641231,22.538502
Jerry Newman,61,6516 Rodriguez Brooks Suite 426,North Robin,Wyoming,34681,-162.448663,-86.4191565
Barbara Newman,68,387 Robert Via Suite 251,New Carol,Nebraska,16829,-16.260550,-7.902252
Patricia Mccall,61,0130 Brian Glens Suite 865,Jesuschester,Arkansas,53582,91.875076,-35.6746575
Eric Ross,78,52674 Kristi Estate,West Ericaview,Vermont,01971,-122.694574,-20.8456905
Timothy Perry,52,9634 Chavez Branch Suite 157,Rickmouth,Hawaii,92996,142.767496,-55.1786655
Andre Robinson,68,1149 Mckenzie Rapids,West Cameron,Iowa,53680,153.763766,-78.4690685
Rose Booth,62,38365 John River Suite 228,Wolfebury,Virginia,29696,-164.577137,-83.065143
Jose Ho,61,435 Lane Isle,Curtisville,Arkansas,88323,-129.598014,77.2431645
Stephanie Cook,53,316 Shelton Shoal Apt. 518,West Patrick,Utah,91644,80.380321,79.839951
Ricardo Herrera,31,796 Jennings Mountains Apt. 976,North Clintonton,Kansas,73341,58.707548,-1.5122035
Peter Stewart,55,6735 Knox Pines Suite 960,Darleneton,Nebraska,25249,24.618424,58.2867965
William Anderson,77,242 Thompson Squares Suite 184,Marissabury,Hawaii,54284,-175.487170,77.2600685
Emily Sullivan,50,4797 Scott Estate,Dannyland,Kentucky,68210,53.772616,-18.317397
Lauren Finley,30,5148 Mendoza Motorway,Zamoratown,Pennsylvania,13837,-26.057202,-71.3274315
Danielle Holden,73,4782 Travis Crest,Lopezville,Louisiana,06467,-20.536240,54.758867
David Martinez,44,3905 Davis Knoll,Wilsonport,Illinois,37083,128.223851,-23.4436405
Andrea Espinoza,45,037 Blake Curve,South Erika,Virginia,13844,-121.044200,66.073417
Carolyn Dunn,36,489 Allen Alley,Lake Anthony,Washington,10643,15.065234,-73.139124
Robert Davis,47,626 Patterson Hollow Suite 731,West Joshuamouth,West Virginia,78045,32.437251,-84.764390
Paul Aguilar,35,1830 David Divide,South Suzanne,Missouri,07749,-54.537632,-10.226798
Stephen Hall,77,2153 Wilkerson Glens Suite 015,Michaelbury,Oklahoma,59593,-137.592117,-87.833337
Bryan Eaton,25,0443 Washington Locks,Jamesburgh,Minnesota,30864,-166.733390,29.969376
Crystal Harper,44,364 Shawn Street,Edwardsberg,North Dakota,85552,-16.045403,23.1351835
Jessica Miller,25,3937 David Brook,Brucechester,Minnesota,23123,11.368007,35.1297525
Brian Smith DDS,74,6208 Mathew Plains,East Kevin,Wisconsin,13013,166.251445,-41.052072
Amber Collins,68,909 Lauren Villages,Woodsfort,Wisconsin,36628,138.681964,-3.837572
Jessica Martinez,45,079 Olson Ferry,North Bradley,Indiana,56655,109.134703,-73.903119
Nathan Jones,39,540 Holder Unions Apt. 410,Lake Theresa,Virginia,90223,-114.271664,-32.3848575
Jason Lucas,77,090 Logan Gateway,Fernandezfurt,Wyoming,29313,-123.187496,23.326871
David Bennett,42,13069 Archer Harbors,Port Diane,Kansas,06296,-156.291803,-3.4752095
Kim Buchanan,76,9286 Jacqueline Villages Apt. 008,West Kathrynview,New Jersey,81031,46.525661,-73.496788
Austin Owens,73,0833 Jennifer Streets Apt. 724,Paulbury,Minnesota,69250,-19.620380,63.9272755
Lauren Castillo,52,6817 Linda Isle Suite 743,Amberport,Iowa,17622,179.779163,-19.5418335
Pamela Morris,72,68544 Amy Center Apt. 964,Alvaradoview,Delaware,54213,-96.932569,-23.0485325
Michael Hale,63,79269 William Falls Suite 009,Port Loriland,Louisiana,55441,135.615140,-24.8237755
April Howard,42,6576 Patricia Lodge Suite 931,North Joycefort,Wisconsin,55837,155.711688,-88.027729
Jennifer Clayton,45,3324 Zimmerman Gateway Suite 449,East Jessicaside,Ohio,99467,116.640514,24.0773665
Mr. Calvin Ware DDS,19,46887 Smith Stream Suite 635,Annetown,South Dakota,94039,-50.826973,-17.8183215
Yolanda Callahan,41,047 Anthony Fields,Smithborough,Texas,86931,147.590203,-5.8737665
Steven Compton,53,50179 James Unions Apt. 366,Martinezview,Kentucky,53805,-155.395441,-33.2977505
Melissa Haynes,41,848 Turner Motorway Suite 105,Lake Benjaminland,Indiana,42454,-79.084484,-81.9804825
Charles Hess,35,206 Lisa Camp,Deborahmouth,Maine,26423,158.409507,-42.4766305
Mr. Jonathan Smith,67,92454 Davis Dale,Ewingtown,Michigan,88361,69.068597,-12.158374
Denise Glass,72,524 Miller Pike Apt. 303,Hayesberg,Texas,00916,-66.874498,-58.924698
Ashley Chandler,64,293 Russell Cliff,Johnshire,Kentucky,79824,138.850295,24.2345295
Alison Thompson,44,26064 Williams Glens Suite 661,Lake Elizabeth,North Carolina,28899,8.872990,-68.9565305
Rebecca Wood,26,879 Malone Burg Suite 416,Barryland,Louisiana,25333,-119.649422,-14.1250895
Sharon Wolfe,21,16339 Griffin Circles Suite 538,East Lawrence,New Hampshire,79067,51.374019,87.815861
Eric Barrett,79,52014 Mallory Mount,Stewartberg,Washington,12542,-33.932771,66.293738
Jesse Walters,31,9707 David Trace Apt. 797,Amandaton,Louisiana,62891,144.020130,68.9703465
Maureen Martin,23,71903 Gray Port Apt. 664,Traceymouth,Connecticut,61040,-176.190684,-51.702277
Nancy Vance,63,297 Melinda Orchard Suite 204,Danastad,Wyoming,17093,163.159718,-70.2544415
Robert Williamson,40,1650 Valdez Squares,West Eric,Utah,53281,-101.794300,35.356970
Anthony Jones,30,55505 Pacheco Plains,New Stephanie,New Jersey,99514,-169.846685,-47.677146
Brittany Anderson,43,7719 Erika Crescent,North Susanland,Virginia,73334,47.530994,-12.099091
Matthew Baker,49,829 Christopher Road,Markbury,Connecticut,96568,44.177204,32.4157955
Melissa Hart,56,4808 Simmons Stream,Burnschester,Arkansas,14235,84.109776,78.387533
Timothy Shepard,53,61372 Moreno Lock,Joshuabury,Kentucky,44285,75.991082,-61.6630265
Edwin Warren,57,46510 Valerie Rue Apt. 510,Daviston,Idaho,36835,-73.726075,-88.389245
Henry Simon Jr.,19,96901 Pierce Land,Port Christopher,Connecticut,01934,-46.881397,27.954112
Wayne Stevens,78,44426 Miles Port Apt. 656,Lindahaven,Nevada,46136,-94.545035,69.690708
Cynthia Harrison,68,579 Reynolds Lodge Suite 067,North Brianport,New Jersey,02882,90.727787,-45.558837
Madison Erickson,30,088 Michelle View Suite 867,Matthewmouth,Maryland,00620,-162.400736,87.5262015
Kristen Acosta,51,1144 Thornton Loop,South Jennifer,Montana,89464,14.902177,-25.755334
Steven Mcdonald,80,8821 Martin Shoals,Lake Carolport,Maine,13327,-88.759889,-28.5141135
Tricia Garcia,74,89129 Candice Mountain Apt. 975,Mckenziemouth,Kansas,12102,-43.802617,-6.5034975
James Perry,49,87285 Chavez Island Apt. 957,East Peterport,Maine,68420,-104.472929,-18.305356
Christopher Cordova,43,87215 Ortega Mill,North Joseville,South Dakota,89302,-170.161825,60.4189965
Terri Brown,56,26754 Hicks Stream,West Lisa,New York,78126,-141.711417,17.2997905
Terry Smith,28,5208 Marc Landing,Port Adam,Rhode Island,89516,79.072193,-4.7778475
Megan Schaefer,78,4111 Allen Squares Suite 624,South Christopher,Kentucky,79591,-38.971089,68.6201885
Lauren Torres,25,860 Sarah Mountain Apt. 609,Lake Kenneth,Montana,19637,-146.774372,39.3225485
Angela Church,70,83180 Stephen Unions,East Teresaberg,Nevada,81770,-16.144096,-17.2588645
Erin Scott MD,65,793 Morgan Junctions Suite 128,New Amandaport,Hawaii,59918,-78.038646,64.1036975
James Taylor,71,4095 Sharon Square,East Colefurt,Idaho,32785,-50.583456,88.6122725
Audrey Hicks,40,7457 Lewis Shores,Allenstad,Ohio,51105,122.317001,25.3613455
Lawrence Thomas,32,95252 Ramirez Lodge Apt. 243,Lake Lisa,Maryland,87502,150.028604,-39.5202745
Jason Henry,19,8618 Franklin Road,Briannaborough,Tennessee,20756,-166.625381,5.900731
Dennis Mathews,57,36165 Kramer Isle,Lake Bryanstad,New Mexico,15567,70.448199,-77.652743
Stacey Morgan,31,300 Edwards Turnpike,Wallaceberg,Oklahoma,55757,98.285624,14.3820815
Dawn Lewis,69,856 Boyd Extension,Nicholasborough,Washington,29574,-109.146971,69.196074
Jamie Barton,70,568 Page Locks Apt. 315,West Jason,Louisiana,19641,152.878361,10.9119775
William Rios,28,898 Graham Lodge,East Alicia,Iowa,36102,147.659425,-74.754973
Tina Ochoa,25,66980 Samantha Brooks Apt. 035,Ginaport,Pennsylvania,51244,-177.798843,-0.9157665
Ashley Kelly,24,766 Solis Shore,Martinland,Ohio,66900,123.263322,66.8938215
Shannon Ramos,24,17144 Terrell Highway Apt. 965,New Craig,California,39553,-98.830915,-52.8332125
Brandon Vazquez,25,4773 Michael Pass,Russellstad,North Carolina,31511,-39.335449,-64.1324945
Eddie Kim,36,973 Lisa Estate,Debbiestad,Vermont,29471,79.497480,65.382584
Kathleen Hall,30,7554 Meyer Stravenue Suite 962,East Thomasbury,Iowa,57128,-154.247480,6.254298
Christopher Hickman,61,779 Jacqueline Union,Port Nicole,Massachusetts,28502,33.018821,-71.874775
Mr. Barry Parrish,30,3077 Henry Burg,Port Kevinstad,New York,79959,-41.657449,7.079994
Timothy Miller,22,826 Bartlett Course Apt. 664,Robinsonchester,West Virginia,88325,35.321469,-21.117162
Dawn Taylor,48,1286 Andrea Street,New Shelley,Indiana,07068,171.018713,-43.8148635
Renee James,72,9083 Hamilton Lane,West Johnchester,Florida,64981,-73.208031,-66.306293
Darin Barrett,26,46574 Wood Viaduct Suite 617,Ronaldchester,Idaho,57871,135.100943,-12.5753695
Natasha Byrd,75,5159 Douglas Brook,East Elizabethville,New Mexico,62005,-141.125672,-73.8955945
Danielle Johnson,69,78101 Gregory Brooks,Robertsland,Rhode Island,24051,-72.685214,51.5405165
Susan Allen DVM,76,21435 Kelly Mall,Pamelaville,South Carolina,50821,134.631019,73.537525
Alexander Welch,21,800 Johnson Walk Apt. 083,Cookville,Minnesota,33854,-119.106784,-55.799576
David Robinson,31,198 Kathy Mills Apt. 833,East Adrian,Maryland,49563,14.961159,-3.597800
Regina Lewis,20,525 Robert Center Suite 729,Gregoryborough,Minnesota,70121,-51.852697,65.232277
Kenneth Hebert,44,8056 Perez View Suite 619,South Marystad,Arizona,09740,-99.325386,-89.596934
Anthony Smith,18,93195 Hannah River,Clarkside,Nebraska,71307,-38.194266,75.406690
Diana Diaz,50,92574 Sarah Canyon Apt. 736,North Lisa,Kansas,93565,165.113805,72.1483565
Clinton Bishop,60,5661 Fox Circle Apt. 695,South Susan,Arkansas,71954,-143.579141,41.709732
Anthony Blevins,28,0768 John Port,West Vanessa,South Carolina,00650,102.825276,-86.4676615
Daniel Martinez,74,405 Armstrong Isle,Port Randy,Mississippi,56855,14.821456,50.1756325
William Campbell,47,386 Aaron Islands,Danielstad,Nebraska,24181,-0.001924,86.1595005
Gregory Jordan,30,301 Crystal Pike Suite 078,West Debrafort,North Carolina,03213,-40.666131,1.0250665
Patrick Burns,30,15212 Shannon Greens Apt. 957,North Sara,New Jersey,07285,-46.922279,-26.6558035
Jeffrey Flores,25,761 Robert Valley Apt. 551,Johnview,Mississippi,62946,129.209587,-70.012376
Jordan Watts,65,61484 Dominic Light Suite 813,Carterport,Alaska,11702,162.184446,19.210565
Michelle Franklin,42,465 Kiara Roads Apt. 671,South Angelica,Wyoming,35659,-174.914407,-29.357456
Brian Perez,72,067 Roberts Fields,Jordanborough,Washington,38910,-31.112959,67.4706265
Steven Yu,27,32938 Grace Mountain Apt. 975,Duncanborough,Florida,88427,38.143610,-81.4425955
Robin Smith,73,9707 Rollins Manor,North Steven,Kentucky,50095,28.665395,-41.893694
Joseph Holt,18,2164 Guerrero Key Apt. 449,North James,Nevada,54198,-116.709426,4.9036725
Mary Cook,23,697 Robert Fork Apt. 337,West Phillip,Tennessee,20715,163.170524,73.1794675
Robert Weaver,52,5836 James Passage,West Robertview,Illinois,82176,-169.414311,4.2887355
Krista Navarro,36,64938 Debra Route,Lake Denise,New Jersey,72575,96.225271,37.7403155
Michael Washington,45,77900 Janet Spring Suite 495,Lake Seth,Kentucky,01428,-53.342037,-59.693166
Felicia Miller,78,85564 Hebert Greens Suite 494,East Nicolemouth,Alabama,30184,95.505373,-73.783713
Kelsey Castillo,37,154 Peters Mountain,Port Elizabeth,Iowa,91544,11.030385,64.9630715
Tommy Green,35,087 Wright Curve,Christopherville,Michigan,20939,-35.671872,-88.730775
Joyce Campbell,53,39424 Thomas Mills Apt. 784,East Christopher,South Dakota,66605,55.598743,34.0362655
Robert West,53,2511 Harris Gateway,Lake Christinaton,Colorado,08492,-97.009796,1.982118
Aaron Hensley,59,8090 Derrick Knolls,Glennville,North Dakota,64213,88.642173,9.648048
Melissa Schroeder,70,428 Tanya Radial Suite 267,North Julie,Wisconsin,46873,132.017871,37.7273205
Randy Lewis,54,910 Wilson Forge,Davidsonfurt,North Dakota,17430,-178.151381,85.5573845
Gregory Rodriguez,67,3203 Watkins Village,West Natasha,Tennessee,71106,71.934565,-86.403551
Kristopher Nguyen,48,3168 Diana Ports Apt. 880,Shermanburgh,Alaska,31967,24.162265,-1.7653195
Sue Walker,59,05281 Lopez Squares Apt. 143,West Ginabury,North Carolina,49360,56.164604,-63.1839215
Wayne Jackson,77,35196 Edward Forge Suite 161,Taylorview,Ohio,81751,-169.668575,-6.320918
Amy Johnson,30,270 Jeffery Plains,West Kelly,Tennessee,39762,-33.090944,-43.9765255
Jamie Ramirez,71,9956 Allen Fields Apt. 153,Karenshire,Missouri,16573,-75.140650,-9.6851115
Douglas Harris,80,096 Michael Landing Suite 266,East Melindafurt,Tennessee,25763,-47.411876,79.577803
Eric Long,41,02206 Marshall Ridge,East Terrencefort,Iowa,54416,20.637948,72.702145
Olivia Bailey,43,698 Christine Points Apt. 783,Rachelburgh,New Jersey,10668,-67.806436,-26.176813
Julie Ramirez,64,90435 Jacqueline Burg,Walterside,Tennessee,85569,89.001889,-33.7281535
Tammy Jenkins DDS,28,96233 Waller Key Apt. 894,Ruthchester,New York,04261,14.187255,-44.523064
John Chan,63,49771 Ryan Ports,South Amytown,Ohio,92923,-143.671429,87.1979355
Michael Lee,36,9684 Cabrera Circles,Katherinefurt,New Jersey,78292,50.535869,21.0216015
Margaret Campbell,37,929 Alexandra Knolls,Rebeccafurt,Indiana,72529,142.548510,21.8270275
Ashley Torres,69,9067 Mercado Crossing Suite 552,East Pamelamouth,Alaska,51803,-49.958864,-57.1151465
Johnathan Hubbard,56,98524 Jason Mountain,Lake Benjaminborough,Wyoming,95883,-17.252471,-35.6496295
Morgan Ward,26,25340 Smith Pine,East Erichaven,Mississippi,39673,175.971393,-27.7664885
Spencer Gray,29,4494 Sawyer Expressway,South Kevin,Idaho,49366,-61.951960,-83.3567455
Bryan Watson,39,9414 Vazquez Branch Suite 080,Ianmouth,New Hampshire,55484,49.391045,-2.058280
Gabrielle Owens,40,8905 Brian Fork Suite 247,Rossburgh,Wisconsin,09834,46.617853,55.453267
Elijah Wilson,48,780 Ivan Coves Suite 477,Lake Stephaniebury,Utah,54026,-87.782373,-25.676912
Jenny Howard,29,35037 Tammy Rest Suite 993,Laurenshire,New Mexico,97943,-17.456319,-81.7403245
Vanessa Rogers,68,35536 Reynolds Springs Suite 267,East Jamesfort,Ohio,89229,36.856266,-57.219790
Evan Rodgers,43,544 Cobb Villages Suite 762,Cindymouth,Pennsylvania,83882,28.617705,-8.5320255
Phyllis Scott,77,30168 Anthony Wall,North David,Maine,59555,49.234997,-5.7565345
Jeffrey Baker,39,44994 John Route Apt. 692,Lake Jason,Wyoming,41671,148.031160,66.8444515
Nicholas Ware,65,50074 Christopher Haven,Port Mark,Idaho,46088,81.332518,83.2099155
Linda Goodman,56,4087 Jenkins Camp Apt. 853,Justinport,Oregon,74532,19.462506,-56.9293245
Tammy Francis,63,919 Jennifer Trafficway Suite 173,Kirkport,Idaho,33211,-56.965902,-68.798246
James Maxwell,38,72128 Gregory Field,Brianport,Delaware,96713,6.069705,-2.8287435
Erica Gutierrez,39,3397 Oconnell Fort,Port Scottberg,Montana,23849,-15.781916,-83.5464765
Brittany Hill,57,11824 Tina Station,Christinamouth,Indiana,04835,169.503535,-54.1653115
Dana Stewart,18,893 Thompson Ports,New Janice,West Virginia,32398,52.230679,0.9143925
Angela Henry,40,100 Austin Port Apt. 888,Wrightfurt,Pennsylvania,85700,53.351967,28.6532245
Jose Daniel,21,24146 Jerry Turnpike Apt. 200,Beverlyville,Iowa,07339,5.985224,-10.9337185
Michele Reed,79,63763 Flores Fords,Harrellfort,Mississippi,06432,162.359234,9.1985255
Eric Lee,62,2627 Gonzalez Points Apt. 321,Aliton,Mississippi,12290,80.928832,-57.187894
Scott Castillo,74,0020 Linda Union,New Cynthiatown,Wyoming,78879,92.448302,-22.9740485
Kerry Day,52,446 Lee Village,South Chrisland,South Carolina,04481,89.801123,75.6436555
Beth White,57,673 Weber Alley,West Monica,Colorado,19957,-143.382756,-82.061282
William Duran,26,36891 Watkins Junction,Lake Valeriemouth,Illinois,13219,137.674005,-59.732067
Mackenzie Erickson,67,977 Webster Port,Charleschester,Kansas,67799,83.604680,81.216714
Daniel Williams,70,9564 Heidi Inlet,Bernardmouth,New Jersey,53171,-9.345713,57.131460
Jacqueline Williams,74,394 Stephen Lights Apt. 189,East Lisa,Arkansas,97332,113.577655,-19.0016645
Melanie Johnson,46,706 Sarah Mountains Apt. 219,Baileymouth,Nevada,31373,137.953199,68.3284235
Jamie Livingston,54,1503 Fleming Estates,West Cheryl,North Dakota,85468,-135.923718,60.401786
Shawn Davis,51,810 Richard Isle,Valerieview,Idaho,61504,-154.627751,-11.021241
Joseph James MD,27,745 Stanley Skyway Suite 895,Hunterport,Massachusetts,36132,-33.275847,65.907047
Matthew Roman PhD,71,233 Amy Prairie Suite 552,Martinberg,Utah,72941,-15.578018,38.147834
Andrew Peterson,31,48817 Judith Ramp,North Joe,Wisconsin,59489,-132.795709,22.5704825
Jessica Guerra,62,692 Kaylee Springs,Michelefort,Alabama,40083,-128.058306,69.111652
Jeffery Hernandez,75,9568 Anderson Mission,East Jenniferstad,Maryland,57894,-49.144716,-58.391837
Dr. Alejandro Lewis PhD,30,96549 Andrea Circles Apt. 302,East Jeffrey,Florida,89342,-21.753673,-40.685646
Gregory Wilson,33,924 Diana Square Apt. 623,Davidburgh,Oregon,52454,87.232929,-11.345842
Manuel Lopez,27,832 Carly Corners Suite 527,East Samuelberg,Mississippi,98569,-176.755542,-73.491413
Samantha Mendez,18,1052 Douglas Valleys,Wattsfort,Minnesota,12229,-78.587167,-1.6201515
Karen Garcia,65,356 Weaver Rapids Apt. 645,Carrieshire,Idaho,60444,-56.012436,10.9169855
Joshua Garza DDS,24,648 Lawrence Cape Apt. 201,East Robert,Illinois,10023,59.372608,-31.7858595
Richard Maxwell,38,381 Carlos Passage Suite 609,North Garrettbury,Ohio,32013,20.318122,7.1249815
Ashley Clayton,25,43067 Kylie Plaza,Davidview,Texas,57324,54.508538,-22.5765435
Kenneth Griffin,36,586 Sullivan Island Apt. 591,Lake Natasha,Alaska,58070,-7.803371,38.972660
Colin Lynch,77,922 Kathryn River,Allenville,Louisiana,50500,-84.193222,0.841406
Benjamin Wood,25,795 Cochran Viaduct,New Johnbury,Virginia,34499,-97.760556,19.0456515
Karen Galloway,30,9303 David Harbor,New Tamara,Hawaii,50659,-111.655108,-40.7822385
Michael Robinson,54,5778 Jason Brook,North Gwendolyn,Delaware,01184,75.764479,-45.779832
Mary Guerra,23,22608 Deborah Row Apt. 379,Garciaville,Pennsylvania,56472,-86.334146,-86.5010015
Roy Welch,63,384 Kelli Union Apt. 962,Morganton,Montana,36057,132.467692,-41.2257675
Sherry Andersen,69,188 Richard Flat Suite 636,New Charles,Nebraska,76200,-101.398913,38.6583475
Jacob Potter,21,92413 Parks Manors Apt. 218,South Brendaberg,Virginia,70290,-6.163764,76.3169495
Jennifer Mclaughlin,27,917 Tina Cliff Suite 430,New Nancy,Virginia,63592,94.129015,-49.052911
Maurice Fisher,75,360 Philip Square Apt. 074,New Donna,Florida,06255,34.442654,-84.524494
Carlos Hicks,58,438 Rodriguez Parks Suite 713,Tristanstad,California,58895,21.298780,-30.1445065
Christopher Taylor,20,3753 Vang Street Apt. 529,East Theresaberg,North Carolina,08376,19.499089,-81.935662
Dennis Lee,19,10239 Watkins Wall,East Dennisview,Montana,10375,118.260939,81.6359975
Angela Graham,39,50661 Christina Plains Suite 354,Lake Karenberg,Illinois,98468,112.602646,5.291258
Mary Trujillo,71,8930 Lauren Road,East Priscilla,Vermont,81092,12.958115,19.3709665
Leslie Hood,42,9067 Desiree Parkways,South Raymondmouth,Vermont,06344,-99.709601,-81.1753095
Christopher Morales,70,5579 Porter Route,East Ericberg,Pennsylvania,43086,82.530769,65.092960
John Pham,67,669 Robert Ways,New Clarence,Idaho,97216,92.506596,-34.973326
Nancy King,35,603 Robert Mountain Suite 672,New Megan,Delaware,59824,7.591944,87.8198265
Robert Ruiz,67,9476 Fernandez Fort,Whitemouth,Connecticut,71545,-152.766894,61.2140575
Kathryn Thomas,60,860 Williams Mission,Stanleyland,Delaware,20979,-56.493046,-88.8504955
Elizabeth Wolf,42,553 Ruiz Unions Apt. 696,Smithhaven,Wisconsin,17265,-35.508810,-74.519301
Maria Fuentes,53,1225 Michael Viaduct,West Craigfort,Texas,80142,-74.961945,-34.834396
Theodore Thompson,60,6123 Christopher Manor Suite 576,Chadberg,Wyoming,94695,43.717978,-45.642748
Kathleen Vasquez,80,12237 Williams Garden Apt. 588,South Robertview,Minnesota,85594,-114.677554,-39.9814015
Mary Matthews,21,6075 Mullins Estate,Port Williamside,New Hampshire,41724,-155.408541,33.702763
Angie Russo,19,6727 Brewer Mountains Suite 400,Hamiltonburgh,South Carolina,57107,-108.440654,-72.248537
Nicole Hester,67,34244 Yolanda Place Apt. 158,North Josechester,North Carolina,73786,-27.072088,69.2748315
Nicole Russell,19,9777 Melanie View Suite 191,South Jessefort,Illinois,55437,-148.224404,-17.377466
Victoria Gutierrez,21,260 Floyd Garden Apt. 667,East Maryport,Texas,06750,-112.943485,52.6458945
Tony Carson,44,99502 Kristen Valleys Suite 830,North Linda,Rhode Island,78572,93.325923,-18.0847725
John Oliver,33,66013 Janet Fields Suite 409,Port Connie,Virginia,05698,132.097255,42.6552395
Rachel Keller,32,839 Murray Estate,East Kyleport,Tennessee,71468,-141.246509,-66.768133
Nathan Hanson,79,06010 Harris Passage,Dennisland,North Dakota,22191,-153.811410,-9.7813235
Stephanie Martinez,45,73256 Maria Bypass,New Carlbury,Arizona,09919,8.663945,79.0519225
Craig Powell,75,952 Wilson Station Suite 505,West Angelaburgh,Vermont,58786,94.596395,25.3708585
Daniel Clark,24,3870 Carter Curve Apt. 479,South Tinaton,South Dakota,09531,43.893997,-9.3914285
Andre Klein,27,7437 Kelly Trail Suite 607,Banksburgh,Delaware,43131,-84.018001,50.015700
Rhonda Lopez,79,83753 Chapman Springs Suite 131,Randyfurt,Mississippi,56010,-92.936620,-0.7465975
Heather Christensen,28,323 Larsen Isle,East Matthewhaven,Maryland,12846,119.813767,81.254270
Michelle Bell,39,9589 David Wall Apt. 871,South James,Idaho,88182,-133.824573,-52.6219575
Steven Gonzalez,39,251 Kelsey Rapids,West Craigmouth,Pennsylvania,27850,-138.034751,-32.958611
Brett Mack,68,372 Valerie Lake,Port Gabriellaland,Georgia,51419,-37.009861,89.3229295
Jessica Carpenter,44,562 Amanda Squares Suite 438,Coreymouth,Delaware,39647,-43.762718,6.171871
Larry Williamson,36,64476 Douglas Pike Suite 765,North Jamesview,New York,18579,-137.007159,61.484483
Philip Schwartz,55,4416 Teresa Extensions,South Teresa,Tennessee,93755,-112.626071,-6.2714625
Deborah Kelly,65,7170 Cochran Wall,South Kevin,California,69434,-124.443284,-29.9150545
Morgan Montes,26,0434 Jennifer Spur Apt. 149,Davidton,New Mexico,22922,62.224580,-8.540005
Cassandra Villegas,25,121 Christina Cliffs Suite 263,North Kristenfurt,New York,23160,-83.816909,89.5198755
Maria Rios,45,459 Marie Ports Apt. 840,Kristenstad,North Dakota,87717,24.240880,87.521571
Catherine Collins,26,8266 Hernandez Squares Apt. 834,Copelandbury,Idaho,53089,56.726184,-27.6321215
Roger Richardson,27,74831 Thomas Spurs Suite 886,East Brianview,California,68171,-139.630885,1.6441125
Jennifer Rosario,70,90619 Gloria Estates Suite 774,Wyattfort,Florida,40480,45.164576,-54.041333
Jeffrey Porter,19,36628 King Isle,East Manuelshire,Hawaii,50846,-92.706532,0.086104
Jesse Franklin,65,771 Rebecca Corner Apt. 184,New Vernon,Texas,32048,172.702789,-36.1333415
Kelly Dean,30,1117 Natalie Course Apt. 744,Lake Rickyfort,Colorado,29412,175.123917,-31.932589
Thomas Cook,69,7473 Deborah Cape Suite 821,Farleyborough,Nevada,01015,-163.549870,28.114399
Tara Garcia,77,036 Ronald Divide,Thomasland,South Carolina,20680,-171.837244,13.847203
Andrew Rhodes,61,0308 Klein Mission,Dixonside,New Mexico,40977,124.369284,-73.6795195
Lauren Rodriguez,32,200 Williams River Suite 290,Lake Ronald,Missouri,44265,-57.728703,-46.120060
Martin Pena,54,89293 Robert Ville,East Wendy,Nebraska,73228,24.701575,-4.3832985
Katie Buck MD,24,90354 Steven Ports,Darrellbury,South Carolina,32323,-73.096707,34.5013835
Sandra Dillon,63,92374 Jennifer Springs Apt. 234,South Kellyshire,Arizona,11156,-125.156574,83.667874
Sylvia Miller,47,147 Woodward Fords Apt. 461,New Eddiechester,Minnesota,20788,-169.558868,23.1611365
Laurie Ross,25,47264 Lee Locks Suite 191,Aprilberg,Nebraska,02968,-32.720070,31.001254
Lisa Gutierrez,34,1860 Matthew Port Apt. 727,Port Ronaldshire,Georgia,64897,10.739830,50.836751
Kathy Garrett,63,14493 Kelly Lakes,Gregoryshire,Idaho,47211,90.307850,-79.203138
Anne Jackson,67,429 Evans Mission,East Jennifer,Nevada,51605,-130.658786,68.310993
Matthew Hooper,25,57476 Cole Path,Lake Katherine,South Carolina,11346,-159.550018,-54.0087425
Mark Russell,62,263 Swanson Mills Suite 514,New Kevintown,Washington,02512,-108.190235,-14.0741745
Anna Hernandez,27,3578 Nicole Crest,Port Randyland,Utah,67175,-31.462565,-45.6077115
Paul Humphrey,27,1015 Dorsey Turnpike Suite 772,Amandaburgh,Arkansas,77630,-16.108525,-59.143742
Mary Ellison,75,9818 Elizabeth Causeway Apt. 235,West Robertchester,Oregon,47308,99.023769,-34.3347895
Kathleen Hunt,69,643 Johnson Cliffs,Lake Brian,Hawaii,07964,112.269761,-85.133921
Candice Mcdaniel,35,3061 Michael Mews,Stephanieport,Tennessee,24893,-110.702015,-21.8592545
Erica Morgan,33,000 Valerie Squares,Jamesview,Pennsylvania,38417,-148.790349,-67.260805
Stephanie Perkins,78,66049 John Lake,Lake Melinda,Virginia,24940,72.793187,77.3123675
Stephanie Stephens,66,9038 Walter Mountain Suite 184,Gordonborough,Idaho,51213,-98.166120,6.573363
William Patel,45,393 Jessica Centers,New Matthew,Texas,36630,-83.609439,-37.5047615
Amber Moreno,80,394 Reid Estates Suite 694,Lake Tracy,New Hampshire,90499,78.159414,-70.313315
Eric Hudson,58,792 Daniels Loaf,Jeremychester,Louisiana,56799,96.931241,-27.525164
Kim Garcia,27,4806 Linda Prairie Apt. 350,Robertchester,Connecticut,03710,-164.834800,27.1344365
Lori Cooley,76,4304 Odom Estates Apt. 350,Laurenville,Mississippi,90072,74.236098,-43.1988315
Julia Williams,22,60470 Thompson Track Suite 981,Port Alyssa,Arkansas,27770,7.701255,70.137612
Jon Marquez,60,10385 Richardson Inlet,North Amybury,Indiana,91472,116.659088,63.9391005
Chelsea Jordan,62,316 Nathaniel Lake,North Nicholas,Montana,05294,-83.773725,-67.748091
Shelby Ramos,75,38412 Heather Ports,Morganfort,Alaska,91623,66.330069,-62.277130
Parker Velasquez,50,2442 Martin Tunnel,Annaberg,North Carolina,90561,11.380123,-41.5264635
Travis Mcgee,64,8180 Steven Spurs,Charlesstad,Kentucky,89559,161.482177,23.7362395
Kyle Myers,50,61704 Garza Springs,Lake Marc,Missouri,97167,-112.016327,-37.7784695
Jason Morris,58,6067 David Fall,Morenofurt,Kentucky,80503,-121.269073,36.529572
Earl Crosby,69,137 Steven Knolls,East Dominiquechester,Nebraska,92777,41.432561,1.115555
Lauren Schwartz,47,73371 Cheryl Radial,Lake Maurice,Missouri,24295,-59.437859,88.404627
Megan Sullivan,32,67781 Amber Stream Apt. 353,Nicoleport,Delaware,02718,58.933856,-42.6644525
Tiffany Russell,33,8264 Shelley Isle Suite 968,East Kaitlinchester,Rhode Island,52923,-91.965328,-46.889224
Rebecca Vang,68,9531 Davis Divide,Churchchester,Delaware,68667,140.709949,-79.869935
William Reynolds,37,4608 Julie Villages,Phillipsview,Mississippi,87313,102.326444,-1.422833
Elizabeth Johnson,26,59376 Welch Harbors,East Nicholasstad,Nebraska,32198,-178.189057,-74.6812825
Margaret Bridges,78,203 Eric Club,Hickstown,California,41435,134.693742,-67.201352
Theresa Pope,61,591 Ashley Mountains,Johnside,Virginia,76800,42.587563,-74.762016
Mr. John Ochoa,65,59287 Rachel Ridge Apt. 593,Whiteheadside,Wisconsin,04216,112.547985,3.156194
Matthew Williams,19,224 Ray Valleys,North Brianfurt,Mississippi,71873,-103.510366,49.0507275
Blake Brewer,71,957 Haney Brooks Suite 289,South Austinburgh,Rhode Island,29089,115.252516,55.594655
Jessica Smith,28,462 Heidi Underpass,East Jessicaburgh,Tennessee,52818,-107.714171,-22.650593
Evan Mills,19,0505 Betty Divide Apt. 343,Kimberlyside,Florida,78980,131.011613,20.8207385
Bryan Hogan,47,6443 Wallace Locks Suite 868,New Christy,Washington,56070,110.416140,-87.0564875
Lauren Brown,69,27207 Madden View Suite 346,Schmidtton,Montana,05974,-179.689580,-58.755228
Edward Romero,78,216 Joe Islands Apt. 811,East Theresa,Illinois,49354,83.486524,-11.326211
Aaron Schmidt,31,78027 Alejandro Court,North Johnhaven,Wyoming,36832,42.695484,-68.341709
Stephanie Odom,35,8075 Werner Lock Suite 292,West Christopherstad,Iowa,12307,120.029982,83.6817085
Brandon Armstrong,25,92907 Alicia Knoll,Lake Colton,Arizona,02337,-51.788792,-56.194365
Melissa Lynn,74,176 Jenkins Point,Lake Bobby,Ohio,89891,86.300079,20.5573575
James Good,29,64060 April Mission,West Markland,Alabama,25593,-28.960654,80.1420475
Cynthia Jarvis,33,01868 Evan Mission Suite 603,Timothyburgh,Kansas,10408,8.981596,13.537877
Alicia Moses,77,852 Rivas Circle,Melissashire,Minnesota,18714,-28.960212,-74.5594205
Mariah Brady,36,20361 Phelps View,East Stanleyburgh,Idaho,59622,170.843971,22.114693
Jennifer Carrillo,21,9317 Samantha Shoal,Howardmouth,Oklahoma,77008,33.547409,-63.0698835
Joseph Martinez,26,894 Weaver Passage Apt. 109,Wilsonville,Idaho,01011,-170.226381,-29.853299
Michelle Floyd,36,8355 Nicholas Vista,Jonathanstad,Minnesota,19075,-170.183825,13.7762295
Miguel Fields,26,86520 Garner Cliffs,Lake Lukeborough,Missouri,14222,-78.466594,-44.102069
Emily Rangel,57,948 Huffman Plaza Suite 373,Lake Kelsey,Idaho,53848,-116.792317,20.9906745
Amy Torres,65,317 Richard Estates Apt. 315,East Dustinshire,Georgia,10218,85.940773,11.542003
Mr. John Graham,70,359 Patterson Underpass Suite 519,Port Rachelchester,Montana,83478,121.412172,-64.4853755
Sarah Nguyen,54,4078 Karen Plains Apt. 982,Atkinsonview,South Dakota,52939,-46.804011,85.6748845
Taylor Hansen,49,73368 Ian Circles,North William,Arkansas,37989,49.873454,-6.679935
Robert Jones,18,74017 Long Shoal,West Angelahaven,Montana,69508,109.367849,16.158784
Mark Evans,59,144 Roberto Heights Suite 908,Marshallburgh,Maine,66734,-94.974199,66.755537
Christopher Bradley,23,092 Alexandra Ranch Apt. 881,Port Jennifermouth,West Virginia,33349,26.139867,-38.045691
Bryan Chen,56,8584 Kendra Pike,South Anne,Oklahoma,71058,-16.306444,-26.7036145
Joseph Smith,50,16645 White Springs Apt. 387,Crawfordmouth,West Virginia,37005,-151.014058,-25.3166545
Sandra Johns,71,083 Moore Route,Lauraton,Washington,08914,113.478462,9.4773855
Michael Phelps,34,46687 John Trail Suite 800,West John,Nebraska,01473,-86.237730,60.736651
Daniel Diaz,36,0926 Terri Ramp Suite 395,Lindsaytown,Ohio,88104,-15.606380,-72.599706
Samantha Harris,43,2232 Collins Forge,West William,New Hampshire,88399,174.379829,-87.505677
Susan Hardy,53,605 Hood Cape,North Natalie,Louisiana,97296,130.675527,-60.251087
Alexander Clark,32,27680 Lynch Fords,Johnport,South Dakota,40478,168.846864,-79.4011575
Angela Walton,31,587 Hurst Ranch,Lisamouth,Ohio,23708,122.195331,-85.0458855
Sandra Wright,24,01702 Mccall Fort,West Elizabeth,Hawaii,28530,-34.734917,35.2932715
Denise Bowen,30,7922 Marquez Land Suite 816,South Willie,Arizona,04935,-12.974331,-51.0247445
James Burnett,78,8901 Hernandez Key Apt. 664,Jacobville,Idaho,14412,-65.849271,-58.1261505
Kimberly Rodriguez,38,265 Page Brooks,West Timothy,Colorado,58585,-99.691425,-37.224859
Nina Morton,44,1664 Robert Centers,New Tylerhaven,Mississippi,93335,123.436002,26.2430905
Evelyn Sawyer,62,1205 Collins Creek,Mcguireberg,Rhode Island,18794,-38.010215,-54.4116145
Jeremy Johnson,29,98520 Smith Tunnel Suite 320,Wendyside,Washington,64815,25.555334,-0.9947025
Lisa Evans,19,788 Michael Creek,Harperborough,Maine,47531,-169.585834,88.156474
David Gillespie,37,09700 Payne Roads,Port Carrieville,Indiana,61861,139.558485,-18.539060
James Wheeler,29,7028 Evan Pines Suite 481,Lake Robertborough,Alabama,20420,97.007232,40.0223165
Ashley Castaneda,53,40651 Le Point,Michellechester,Alabama,52159,-89.165376,-7.6216775
Brian Frank,73,56491 Sims Hollow,Port Karlstad,Louisiana,42655,-91.139352,59.9691425
Jordan Cook,19,3693 Kelly Ridge Suite 873,West Ruth,Arkansas,36139,122.549761,19.8819475
Tammy Wilson,66,21763 Michael Rapid Suite 913,Michaelberg,Illinois,63661,74.710215,-24.1824795
William Figueroa,61,69141 Reyes Inlet,Madelinestad,Nevada,62346,107.771915,-60.0376395
Rebecca Brooks,76,8115 Freeman Road,Lake Natalie,New Jersey,95842,41.520694,-85.0425395
Timothy Johnson,47,85236 Cindy Lakes,Lake Davidberg,North Carolina,81561,71.695189,24.9053285
Shelly Douglas,63,252 Smith Lights,New Sarah,Wisconsin,95546,-118.078273,60.311891
Amy Cortez,25,7118 Isabella Springs,South Christyside,Texas,84599,-84.284830,-57.595607
Jeffrey Howard II,54,650 Tony Brooks,East Christopherbury,Vermont,40586,-148.848540,-33.2146535
Emily Brown,62,046 Catherine Manor Suite 610,Darrylmouth,Utah,32730,-116.152090,-55.8566885
Molly Woods,55,4263 West Points Suite 320,Millsview,Kansas,73819,-43.195904,44.375183
Autumn Greer,79,55196 Lisa Cove Apt. 745,South Robert,Kansas,14868,-83.153924,32.3404925
Justin Heath,25,39165 Danny Stravenue Apt. 205,New Elizabethmouth,Pennsylvania,71344,-171.482047,-26.7751245
Daniel Brown,48,853 Jesus Knolls Suite 734,North Deanna,Hawaii,30970,120.229366,18.5924735
Lynn Cherry,23,34054 Smith Mission Suite 581,Rowlandburgh,Oregon,21998,-95.933943,-40.008687
Francisco Baker,38,2038 Kristin Lane Suite 787,Ashleyside,South Carolina,13712,6.210240,61.2574135
Stephanie Martin,66,66515 Bethany Well,New Christopherburgh,New Jersey,81757,-66.405973,87.833035
Madison Lopez,80,2778 Mccormick Prairie,New James,California,85324,173.515929,-69.614449
Marie Villa,77,91064 Williams Ports,Sheristad,New Hampshire,68458,-147.658478,5.016469
Shelley Michael,53,115 Ryan Ford Suite 006,Charlesburgh,South Carolina,41511,72.146772,82.395821
Gail Armstrong,19,57707 Roberts Expressway,Markstad,Utah,37417,152.442018,87.5480335
Misty Johnson,71,17474 George Lane,Port Stephanieside,Massachusetts,87328,-11.747739,14.3061825
Hannah Humphrey,36,6828 Kathleen Vista Apt. 172,Kennedyshire,Washington,89773,-137.904354,-39.925140
Robert Rodriguez,43,091 Jones Glens,Davidfurt,Virginia,08361,-160.798715,85.569417
Mark Bates,47,0766 Ronald Throughway Suite 269,Port Nicholas,Massachusetts,03343,-95.347948,86.376252
David Harrison MD,59,48615 Irwin Squares Apt. 954,Alexandramouth,Texas,97755,-102.601516,78.3854115
Kenneth Harrell,44,6633 Nixon Locks,New Kelly,Connecticut,15328,-39.490756,-54.7935895
Charles Lopez,20,160 Perkins Corners,Paulaside,Rhode Island,90030,-127.921166,79.159569
Raven Wilson,31,981 Patterson Gardens,Coryshire,Montana,96929,175.030731,-84.5103295
Michael Johnson,35,8943 Dale Camp Apt. 481,East James,South Dakota,77801,142.283154,57.537510
Daniel Mcguire,55,7885 Coleman Trace Apt. 513,Frederickstad,Montana,54120,-97.764175,-19.796845
Karen Moss,62,6367 Charles Fields Apt. 877,Port Betty,New York,31077,25.519560,-77.2989685
Tommy Lin,62,3541 Yvette Vista Apt. 763,Sherriburgh,Alaska,77557,-120.666597,-61.774308
Brandon Mitchell,61,1951 Lori Ports Apt. 157,Bradleychester,South Carolina,96318,-7.042141,-71.7974175
Matthew Torres,77,90840 Michael Drive Apt. 613,Port Andrew,South Carolina,51542,-3.137980,45.1803565
Penny Allen,28,47862 Harris Locks Apt. 690,Dawsonmouth,Vermont,99610,84.886541,20.392778
Anna Perez,56,003 Hernandez Hollow Apt. 157,South Karinabury,Texas,16606,-108.742879,25.1715635
Jennifer Reed,69,779 Thomas Coves,New Shelly,Georgia,22617,-22.499156,-49.3420595
Donna Sanchez,18,63925 Timothy Shoal Suite 219,Clarkfurt,Pennsylvania,88856,-110.505243,22.4028425
Christopher Welch,66,9576 Erica Plaza Apt. 741,Jacobsonmouth,South Carolina,16206,72.581385,-78.5884895
Michael Martin,35,643 Jasmine Corners,Lindseytown,Kentucky,77187,-4.741412,19.310684
Michael Horton,52,603 Marquez Views Suite 008,Tylermouth,Arizona,66605,-40.727045,-36.175804
Henry Edwards,65,20116 Johnson Overpass Suite 442,South Andrew,Alabama,95386,17.987001,18.2637325
Dakota Foster,40,12150 Briana Ridge,Hernandezborough,South Dakota,58194,-19.345016,36.050942
Dr. Brianna Sullivan,73,5739 Nguyen Square,Simmonsborough,Illinois,22312,44.480112,-31.5747755
Antonio Davis,32,8250 Reeves Extension,New Ashley,North Dakota,13128,64.651526,41.7686025
Cassandra Schmidt,20,16077 Hess Prairie Suite 032,Brianton,Delaware,96824,178.719704,50.6660405
Terry White,49,46214 Miller Place,Briannashire,California,98733,-4.857117,-67.8407925
Lynn Carlson,25,657 Horton Port,East Spencer,Mississippi,22130,-121.982589,78.2012535
Paul Campbell,49,52904 Watson Lock Suite 641,West Cynthia,Kansas,29959,-65.223470,7.2524085
Brian Smith,50,0504 Rodriguez Turnpike Suite 737,East Deborahville,Idaho,65601,-8.055574,85.8681775
William Martinez,70,7127 Blackwell Point Apt. 405,Port Priscilla,Hawaii,82548,-38.747100,-15.9874155
Dawn Brown,27,3728 Sheila Forges,East Tammychester,Kansas,08976,-46.607685,-47.7829995
Jeanette Frazier,28,03054 Danielle Meadows Suite 761,Lake Kimberly,Nebraska,24132,118.088356,24.836678
Jordan Haney,58,993 Huang Divide,New David,Louisiana,92147,100.035330,82.2070425
William Acevedo,39,461 Howell Rapids Apt. 142,Nguyenberg,Pennsylvania,14012,53.018051,0.4040435
Tony Sawyer,52,5221 Andrew Shoals Suite 550,West Jasonville,Illinois,54684,-164.237654,76.193055
Dawn Smith,35,8776 Ruiz Rapids,Connermouth,Hawaii,58722,174.714946,10.158969
Alexander Mitchell,53,74160 Norton Square Suite 188,Petersonmouth,Tennessee,08175,26.939989,-63.0110615
Michael Goodman,65,067 Christopher View,Cortezland,Georgia,62242,26.807484,69.444914
Morgan Johnson,77,54795 Guerrero Center,West James,Kentucky,99270,-77.073361,58.061707
Stephen Parrish,53,05752 Diana Station Suite 996,Wellstown,Indiana,68086,-31.424422,48.2535755
Christine Taylor,64,552 Williams Land,Millerborough,Georgia,37961,-152.488924,-35.526815
Gina Young,80,61726 Matthew Views Suite 959,Perezland,Colorado,75417,-82.211142,24.6921685
Sheryl Whitney,68,820 James Shoals,Brittanyborough,Wisconsin,62330,18.144314,-55.425480
Stephanie Rivera,73,64740 Santana Divide,Williamstown,Nevada,02378,4.360072,74.043287
Brenda Powers,35,568 Bowman Branch Apt. 070,South Devinstad,Texas,72308,-171.074680,38.441616
Anthony Powell,74,342 Jesse Lock Apt. 958,Brettview,Ohio,77068,37.386771,-35.495960
Mr. Cody Jenkins III,70,66830 Thomas Park,South Jessicaport,Louisiana,84516,88.352602,-26.4642675
Miguel James,76,800 Morales Trafficway Apt. 756,Velezmouth,Vermont,67460,174.925325,23.6233735
Gina Burke,71,55142 Christopher Wall Apt. 389,Port Calvinberg,Ohio,37647,125.678693,-67.8498275
Desiree Warren,48,768 Mary Passage,New Katherinebury,Washington,68468,-154.140435,0.0161345
Dr. Tracy Hodge,32,84865 Lisa Gateway,South Steventown,Connecticut,30544,36.894023,-70.4044225
Julia Ramos,53,78889 Daniel Pines,West Sara,West Virginia,67389,-116.554198,-27.9819415
Anthony Griffin,75,383 Barnes Circle Suite 802,Kristinberg,Vermont,06850,-90.186151,66.3232105
Tammy Ramirez,25,7696 Kristin Village Apt. 988,Vasquezmouth,West Virginia,67137,-119.363029,67.4520375
Christopher Williams,55,200 Ramirez Summit Apt. 909,Lake Marvinchester,California,91243,80.931763,18.0896265
Debbie Mays,60,2745 Grant Passage Apt. 872,Johnsonfurt,North Dakota,20108,155.177884,4.4116815
Nathaniel Vega,50,0586 Carrie Mountains,Baileychester,Mississippi,62474,27.679872,-51.5711645
Joseph Smith,58,774 Faith Station,Hardinshire,Mississippi,81899,177.913109,87.803735
Andrea Hill,70,522 Stacy Pike,West Brenda,Florida,24472,127.422956,58.777685
Cindy Parker,37,8541 Smith Fords,Williamshaven,Ohio,22040,-125.520655,55.6196615
Phillip White,69,12997 Roberts Passage,South Anthony,Wisconsin,65179,48.205569,-55.3788985
Andrea Kim,77,482 Welch Lights Suite 812,Port Theresa,Michigan,39182,55.512427,77.9676595
Veronica Hartman,27,28873 West Crescent,Lake Alexandra,Indiana,40023,-147.288112,61.2684815
David Hernandez,45,12105 Casey Courts Suite 225,Arthurton,Louisiana,22554,-23.788274,-67.9741275
Dr. Andrea Bailey,69,973 Lauren Trafficway,East Jessicaberg,Arizona,37206,-78.406277,-43.281988
Regina Clark,57,975 Coleman Divide Suite 408,Donnastad,Mississippi,87606,52.961121,-30.775128
Wayne Solis,24,365 Anna Glens Suite 459,Lake Amandashire,Montana,80520,-66.142696,-68.8906245
Donald Shah,73,6481 Angela Passage,Port Brandy,Vermont,81986,179.375213,-63.9708835
Andrew Smith,77,6620 Mcdonald Fort Suite 561,East Timothytown,Mississippi,39152,22.688110,30.252508
Dana Harrison,42,1867 Cassandra Course Suite 797,Lake Crystal,Wisconsin,52035,-60.181968,41.9775045
Gregory Miller,50,2200 Nicole Light,Port Diane,Minnesota,54099,101.762582,8.070057
James Payne,75,7928 Dennis Trace Apt. 107,Juanmouth,Kentucky,98222,45.445427,-85.7487255
Shawn Moss,29,832 Parker Turnpike,Avilaville,Colorado,15936,149.104244,55.069258
Kevin Ramirez,66,031 Stephen Heights Apt. 320,Shellyburgh,Maryland,40510,-22.758655,31.9364595
Nicole Jackson,66,28480 James Avenue Apt. 757,Vanceville,Wisconsin,18701,162.579866,-39.3446115
Michele Hines,54,49259 Gabriel Union,Lake Molly,New York,49441,-167.788115,41.1039075
Yolanda Hill,32,51356 Stephanie Plain,Gonzalezhaven,Maryland,60440,-7.588585,70.4402015
Elizabeth Washington,39,06817 Clark Roads,Dennisfurt,South Carolina,40687,130.730208,-80.069964
Sonya Shaffer,42,6418 Morris Locks Apt. 450,Hoberg,Utah,56589,-49.928152,65.9737485
Sue Miller,29,17818 Christensen Lock,West Karifurt,North Dakota,21820,131.655053,-82.4276555
Matthew Smith,24,001 Hill Plains,Kimberlymouth,Delaware,97951,-80.545165,89.133553
Kristen James,64,444 Grant Lakes Suite 687,Michaelchester,Wyoming,48311,-103.702999,-25.721864
Victoria Thompson,41,76523 Monica Overpass Apt. 350,Barrettport,New Hampshire,44489,-134.586524,67.7913205
Luis Morrow,58,811 John Drives Suite 591,New Anthony,Texas,46592,-5.083714,75.0848115
Derek Moon,48,628 David Harbor Apt. 732,East Rebeccaville,North Dakota,09360,63.725463,24.842893
Bobby King,43,4243 Jonathan Hill Apt. 187,Kelseybury,Nevada,05024,-144.640382,25.2092295
Christine Clark,71,0844 Andrea Squares Apt. 069,North Jamesside,Wisconsin,74314,-13.081535,-10.328600
Karen Spence,50,4556 Nathan Manor,East Carriechester,Illinois,29522,100.756669,-5.1640275
Jessica Martinez,64,91381 Trevor Lights Apt. 474,West Bobbyfurt,Georgia,44327,169.012177,43.3583295
David Green,57,22674 Mary Pines,East Lucas,New Jersey,13393,-153.282361,-53.0088135
Laurie Edwards,55,459 Perez Route,Jacksonfort,Mississippi,57781,73.235705,-12.9127565
Crystal Pena,59,64778 Sherman Crescent Apt. 224,Theresaburgh,North Dakota,23343,47.219760,1.087206
Amy Mcgee,26,6300 Thomas Fall Suite 961,Jameshaven,Virginia,52263,46.895266,-8.2549845
Christine Allen,42,3953 Kristy Flat,North Laura,North Carolina,76947,15.543205,34.2813775
James Briggs,42,41599 Moore Ridge Suite 197,South Jean,Rhode Island,64438,179.278345,-33.691780
Daniel Robinson,73,976 Tiffany Glens Apt. 252,West Jasonmouth,Wisconsin,09239,93.383286,56.1166195
Sarah Mcdonald,34,662 Patterson Key Suite 935,South Brianburgh,Indiana,85871,83.728965,17.3566745
Michelle Watson,60,554 Jeffrey Summit,Port Aaronside,Wisconsin,91968,-111.650580,9.932862
Jerry Woods,47,2824 Williams Lodge,Jeffreychester,West Virginia,89376,14.685414,-30.3687415
Jeffrey Stark,26,4396 Brown Mews Suite 408,East Kathrynborough,South Dakota,95392,40.461902,-20.973503
Gary Strong,39,63484 Yvonne Forge Apt. 627,Lake Douglasland,Wyoming,28848,-166.769383,3.342924
Crystal Torres,34,4594 Moore Drive Apt. 688,North Deniseton,Vermont,60539,-166.243259,-38.528045
Daniel Baker,55,101 David Villages,Rothfurt,Montana,71188,147.355268,13.4495385
Joshua Byrd,29,33799 Anthony Roads,Sandersside,Hawaii,35044,17.862054,87.078950
Karen Reed,18,462 Peterson Village,New Annfort,Missouri,95123,-38.233069,15.634142
Deborah Watson,33,94407 Christopher Circle Apt. 179,Paulhaven,Wisconsin,33912,-123.380411,-85.757017
Elizabeth Hernandez,58,3799 Mcgee Bridge,Port Shannonfurt,Oregon,58468,-83.458754,59.323304
Caitlin Williams,69,859 Jacqueline Green Suite 101,East Brittany,Oklahoma,85219,30.670055,-23.8806205
Christopher Larson,30,7784 Kennedy Loaf Suite 472,New Joanne,Texas,50502,141.908324,-28.118100
Michelle Smith,43,776 Angela Estates Apt. 306,Port Scottside,Illinois,76219,-148.235989,51.1145545
Lisa Brady,71,7750 Williamson Land,Moralesburgh,Oregon,64651,26.753674,68.430164
David Lang,64,824 Page Park Apt. 999,Lopezside,Washington,60791,-121.995961,22.8758275
Mary Nelson,47,70929 Lee Meadow,North Fred,Virginia,08461,-15.150391,19.867963
Michele Sanders,27,871 Melissa Glen,Dennisfurt,Colorado,87709,-54.935020,-21.5374915
Angela Thornton,64,735 Martin Plains,Gibsonborough,Minnesota,38439,36.859568,65.577806
Jane Powell,47,2449 Barr Knolls,North Adammouth,Arkansas,07894,117.662871,9.1571615
Steven Anderson,59,61621 Farmer Springs,Jenniferville,Hawaii,52488,33.226847,-77.153169
Diane Nash,57,66608 Fernandez Shoals,West Danielchester,Nebraska,63395,156.039668,61.7774725
Michelle Miller,67,24049 Adam Spurs,Julieside,Indiana,43201,-77.202189,15.410044
Max Jones,52,16834 Martha Freeway Apt. 746,Port Katherine,New Jersey,01029,52.024313,-42.754749
Melissa Reeves,69,5463 Williams Ferry Apt. 293,Michaelborough,Rhode Island,30816,30.333672,-76.9606705
Adam Obrien,28,5770 Aaron Isle Suite 033,Jeffreyhaven,South Carolina,68116,9.812795,-62.5690675
Jermaine Phillips,47,510 Robert Mission,South Sandrastad,Washington,61234,-93.044352,63.0249885
Victoria Long,51,66600 Roger Ramp Suite 079,Shelbyhaven,Arkansas,58780,-160.535838,-4.7097545
Emily Bennett,28,39486 Rebekah Canyon,Nicoleborough,Virginia,66649,168.846411,-79.0075625
Mrs. Julia Holt,24,351 John Cliff Apt. 849,Lindachester,Oklahoma,46897,-3.048181,22.492964
Ryan Hill,74,2161 Carpenter Valley,Olivermouth,Ohio,01504,103.486170,88.525557
Benjamin Foley,68,6854 David Shore,Harrisborough,Ohio,66021,-118.587907,-84.305325
Elizabeth Carpenter,28,153 Amanda Pines Apt. 784,Kathleenland,Idaho,80201,103.383863,6.013351
Tyler Paul,22,6855 Willis Divide,Lake Brettton,Connecticut,66992,46.084159,-14.166214
Sandra Dunlap,29,17019 Owens Alley Apt. 725,Port Michael,Indiana,10758,28.244224,-48.1247135
Matthew Long,28,786 Cynthia Cape Apt. 227,Jaychester,Rhode Island,88753,12.718972,49.834729
Kenneth Phillips,19,9050 Coleman Island Apt. 190,Dylanfort,Pennsylvania,20854,-164.517737,-55.1708735
Shawn Jackson,73,723 Janet Knoll Suite 653,Michaelstad,Pennsylvania,59618,-138.331137,13.5602695
Melissa Garcia,23,2004 Gillespie Via Suite 111,Williamstown,Oklahoma,67645,39.092725,-11.9447445
Eric Smith,60,378 Pratt Squares,Donaldmouth,Idaho,67425,-170.305393,26.025577
Gregory Fernandez,43,695 Ford Canyon,Reeseland,Alaska,66125,129.424762,-45.7159115
Matthew Guzman,34,8128 Stewart Spurs Apt. 485,Greenshire,Alaska,09672,105.605778,-87.679512
Margaret Chase,47,501 Brittany Garden,Gonzalezhaven,New Mexico,61828,-92.491468,-76.4746205
Oscar Miller,46,30820 Colleen Lake,Port Stephanie,Pennsylvania,37064,-135.751617,81.420003
Tracy Underwood,56,06922 Kline Branch Apt. 877,Lake Theresa,Ohio,29099,-97.560987,-12.121386
Jesse Sanchez,65,573 Rhodes Flats Suite 455,Port Karen,Georgia,10308,-7.995797,2.601153
Dana Wright,28,15740 Kaufman Estates Apt. 786,West Edgar,West Virginia,28207,-139.686168,25.8190835
Steven Farrell,80,3213 Adams Trafficway,Collinsfurt,South Dakota,87741,-170.124801,-57.1377625
Katherine Kelley,79,3060 Salas Track Suite 404,New David,Maine,09438,9.082971,-85.4440335
Mark Clark,45,61250 Lisa Isle Apt. 992,Perezside,Ohio,83823,-47.685004,-40.137544
Marie Smith,27,26705 Janet Park Apt. 943,Port Jeffreyborough,New York,92640,147.801135,74.342941
Richard Garcia,45,696 Brown Crest,New Kimberlyfurt,Colorado,62765,115.290972,-77.187703
Jeremy Williams,49,35497 Torres Village,North Diane,Ohio,71487,-1.217925,-39.439434
Susan Thompson,26,39862 Turner Crest,Donnashire,Hawaii,86269,166.430703,-31.0564295
Gabriela Baker,59,7857 Matthew Forks,New Erinbury,Utah,63127,60.636529,36.907262
John Gonzalez DVM,38,178 Nelson Forks,North Steven,Arizona,51495,-116.239696,88.5336095
Robert Garcia,72,30698 Ortiz Fords Suite 909,South Lisa,North Dakota,88728,1.837964,24.2054585
Tyler Thompson,37,37359 Johnson Ports Suite 076,Sheilafort,Colorado,62658,-4.904675,-3.244038
Terry Bennett,62,8729 Amy Island Apt. 433,Amandaburgh,Vermont,66135,-10.575411,67.1489915
Shawn Murray,24,40191 Mendez Trace,New Michele,Missouri,72358,-48.808874,-38.166984
Robert Woodward,40,6473 Russell Field,Randyshire,Mississippi,47025,-44.831361,-35.396098
Christopher Grimes,76,2486 Gregory Land,Castrofurt,Virginia,95998,54.190046,-86.8913235
Christina Owens,31,32724 James Ports Suite 584,Lindahaven,Missouri,54567,18.721947,-40.5629705
Evan Burns,55,15139 Fitzgerald Burgs,West Megan,Hawaii,14931,78.348903,15.373627
Joseph Taylor,69,61806 Lopez Court,Donaldport,Texas,60937,-70.340560,50.5861545
Mary Mack,75,6018 Bartlett Shoal Suite 802,West Alexis,Kentucky,23684,-21.014627,-25.1967275
Yolanda Santana,67,56596 Miller Heights Suite 963,West Alanchester,Missouri,28082,-58.727155,65.2515605
Mrs. Kimberly Gregory MD,54,4113 Johnson Neck,Watsonstad,Indiana,75152,-101.783282,-57.934340
Kimberly Guerra,18,1136 Hartman Walk,Hudsonburgh,Arkansas,71431,65.911803,48.4917345
Kyle Quinn MD,60,554 Maria Course Suite 752,Pattonstad,New Jersey,37633,178.826861,-29.188828
Joseph Ramirez,22,546 Christina Fords,Riveramouth,Minnesota,83572,25.605804,-16.903916
Kim Phillips,20,35621 Salazar Branch,East Amandatown,New York,34642,-112.232804,26.788141
Kelly Martinez,54,5753 Parker Shoal Suite 041,Lake Edwinland,South Dakota,43454,46.848213,54.731251
Kevin Williams,39,819 Anthony Dale,Adamshire,Ohio,47547,-93.810745,9.827434
Michael Rodriguez,58,87089 Jeremy Hollow,Perkinsstad,Arkansas,46255,-37.279861,-27.1254805
Terry Goodman,71,53427 Erika Light,South David,Alaska,49612,98.141410,83.711245
James Burns,55,2364 Shelley Lane,Robertport,Illinois,14181,-105.256583,-49.138481
Ebony Anthony,72,1831 Thompson Mills,Robinsonville,Alabama,20508,-119.142760,-30.363525
Brian Hughes,46,18126 Becker Islands,Garrettfurt,Minnesota,28035,153.834764,-9.5873725
Christopher Blanchard,45,11899 Edward Walk Suite 336,Carolburgh,Arkansas,21752,-139.170470,18.5582185
Stephanie Johnson,26,3439 Conley Skyway,South Mark,Oklahoma,84965,155.735399,-87.1612285
Hannah Perkins,50,457 Kelly Stream,North Heather,Delaware,32941,-157.176581,-81.110030
Justin Cobb,70,22008 Bauer Ville,Reedfort,Oregon,10553,-78.521378,-11.9363635
Melinda Lee,77,46960 Richard Drives Apt. 094,Michellemouth,Maine,01819,-40.658500,-50.396213
Tamara Wilson,70,295 Christian Union,East Susan,Michigan,87372,120.375305,-64.7800605
Ethan Woodward,77,525 Mcintyre Plains Suite 081,Lake Brian,Delaware,88737,-125.168574,70.1404605
Sarah Anderson DDS,64,32172 Le Coves,Lake Mitchellbury,Wyoming,29545,83.180191,-10.742636
Christopher Cunningham,42,174 Pearson Valley Suite 589,East Crystalmouth,Florida,52855,149.358827,50.0964345
Tyler Webster,25,910 Antonio Pass,South Judithhaven,Wyoming,33290,99.385002,-75.8500625
Mark Coleman,19,44973 Cynthia Gateway Apt. 053,Kristashire,Washington,50975,35.126485,72.1606575
Ryan Cruz,73,266 Peter Haven,Hillshire,Pennsylvania,71714,99.380568,-44.300964
Shannon Hanna,61,664 Willis Lake,South Lisa,South Dakota,91476,159.890424,75.4192795
April Moreno,37,409 Laura Prairie,Lake Scottmouth,Kentucky,42683,-162.566639,42.308518
Melissa Briggs DVM,28,90517 Lisa Mountain,Hollandberg,New Jersey,94952,-148.171845,-54.980290
John Woods,67,8574 Jon Hills Apt. 273,Lake Patrick,Virginia,66520,-3.929566,-70.173496
Kathy Daniels,37,05872 Aaron Streets Apt. 604,New Brandon,Minnesota,77564,-130.092607,47.009067
James Phillips,36,404 Dougherty Mission Apt. 490,Meganshire,Georgia,05704,4.920665,-19.222417
Thomas Smith,79,317 Moore Brook Apt. 612,Buchananshire,Missouri,71677,27.216220,54.8403685
Angela Owen,50,591 Wood Cape Apt. 834,Lisaberg,Delaware,74512,-94.032128,29.823625
Corey Collins,77,703 Campbell Lane Suite 101,Taramouth,North Dakota,61375,1.065365,51.7321375
Timothy Payne,57,2687 Delgado Lodge,Lake Deanna,Kentucky,36694,101.767973,-82.0362885
Kristina Watson,50,44804 Golden Drive Suite 131,Alexandraberg,Rhode Island,86009,-129.558942,14.6282445
Cheryl Rowe,79,435 Lyons Parkways,North Leslie,Mississippi,53686,138.797451,-40.7893035
Jack Larson,75,54709 Moore Mountain Apt. 815,Devinbury,North Dakota,99586,-139.840438,-22.798292
David Dyer,47,362 Mccarthy Fields Apt. 279,Martinchester,Ohio,61697,-141.659825,-30.721725
Tiffany Pierce,80,0386 Marshall Divide,Wardmouth,Minnesota,36575,166.092776,81.7127815
Jared Holt,65,2179 Sean Creek,New Amber,North Carolina,46432,127.090740,12.3760265
Tiffany Walker,28,7131 Foley Mission Suite 409,New Morganland,Tennessee,43469,176.186185,-27.479793
Nicole Little,32,374 Rios Extension Suite 190,Rickeymouth,Missouri,95488,3.718386,-17.360604
Peter Turner,35,84922 Smith Mission Suite 706,West Jimmyland,Wisconsin,24442,-8.871790,-58.9271055
Christopher Byrd,77,7123 Garza Summit Apt. 439,South Matthew,Nevada,62686,-27.653971,-84.631085
Natalie Martinez,61,5159 Thomas Station Suite 109,Pereztown,New York,51592,-141.150348,-82.570128
Gregory Nunez,77,5582 Gill Mountain Apt. 650,South Timothy,Utah,72191,173.123854,-13.790892
Warren Wilson,67,9728 Maria Fork,Lake Kristinville,Alabama,31183,155.832157,-28.789220
Mr. Calvin Lopez,66,258 Miller Parkway,Port Laura,Montana,68713,-163.191702,31.564580
Douglas Morgan,20,17571 Terri Isle,Port Tammyfurt,Illinois,36235,-112.183003,35.656041
Shannon Medina,23,5293 Timothy Branch Apt. 917,East Bryan,Wyoming,26896,-19.156704,5.647573
Elaine Johnson,51,638 Armstrong Route,Lisaview,Montana,82155,-166.013973,-68.460194
Taylor Torres,55,693 Derek Viaduct,Jaimechester,Massachusetts,43079,-103.670053,-37.2291845
Austin Green,26,66075 Christopher Islands,Frankshire,Kansas,43734,118.251647,-17.0970645
John Craig,19,4802 Mann Plaza Apt. 144,Codychester,Washington,90913,96.039768,43.2396115
Christopher Howard,41,7887 Stephen Squares Suite 537,Valerieberg,South Carolina,15319,123.603983,-72.1025935
Stephanie Mitchell,52,1086 Jason Unions,Angelaburgh,Oklahoma,81102,-139.745094,-9.982844
Tammy Hurst,19,2067 Casey Cliffs,South Loretta,Nebraska,06976,-71.084025,80.0495835
Danielle Jones,71,1357 Kevin Locks,East Chelsea,Nevada,73196,45.651163,-6.124937
Dawn Sosa,49,2792 Marcus Island Apt. 347,Hayesberg,Indiana,71492,-171.908754,27.789428
Cassandra Smith,64,012 Alex Unions,Sheriburgh,New Hampshire,20612,-168.560376,-62.566973
James Barry,46,613 Robertson Summit Apt. 581,Millerview,Nebraska,40118,-123.261732,-15.7774505
Justin Barr,51,87585 Tamara Tunnel,Lake Margaretberg,California,31864,-41.798180,73.199818
Regina Munoz,41,187 Cole Port Apt. 293,Colemanmouth,Pennsylvania,84902,176.026290,68.4409605
Elizabeth Giles,35,93910 Brian Pass,Sandraport,Washington,90475,-141.835318,54.397955
Brett Hebert,66,81640 Luna Junction Suite 189,Jonesland,New York,23572,0.359664,40.7103165
Amy Haley,39,98687 Padilla Passage Apt. 672,Lake Jenny,Kentucky,50074,129.558520,-16.4054865
Taylor Cortez,28,5888 Douglas Trail Suite 315,Carlosville,Pennsylvania,97116,-99.478591,-1.7889685
Tony Roth,42,157 Cindy Station,Lake Franciscomouth,Iowa,84370,-110.760417,-38.654095
Lisa Moody,45,474 Hannah Point Apt. 644,Romeromouth,Arizona,07587,3.137916,16.4514545
Teresa Jones,52,25752 Brandon Villages Apt. 524,Lake Francisco,North Carolina,18461,-88.996982,-38.6411035
Paul Gonzalez,52,887 Brady Pass Apt. 280,Lake Juanville,Arkansas,03861,-14.147417,-37.2064125
John White,35,300 Ochoa Lakes,Amytown,New Jersey,41188,175.543866,89.118529
David Gonzalez,74,347 Michael Landing,North Veronicachester,Pennsylvania,71776,-2.830559,5.7003595
Cindy Johnson,59,3832 Vazquez Mountain Suite 969,Brianshire,Illinois,28051,84.012991,-3.7272695
Bryan Williams,36,23834 Harris Extension Apt. 916,South Heather,Ohio,45109,150.455096,-80.222655
Robert Gross,68,362 Michael Route,Susanshire,Alaska,82852,-46.119150,51.245448
Morgan Barnes,70,01692 Rice Lodge,New Jessicachester,South Carolina,90050,90.638160,70.3393715
Joshua Lawrence,28,53629 Clark Burg,Barnettland,Kansas,46203,-178.701600,-32.984205
Zachary Stewart,34,04720 Jon Station,West Kristopherport,Indiana,42202,62.953084,60.0326615
Kayla Jones,80,012 Paula Fall,Ginafurt,Rhode Island,29281,23.780336,-63.743595
Barbara Lane,49,746 Richard Landing Suite 765,West Victoria,Maryland,07663,32.579019,81.7953815
William Scott,57,100 Nathan Rapids Apt. 449,Mitchellland,Wyoming,04326,48.819078,32.647335
Carol Coleman,71,994 Maldonado Ramp Suite 682,Montesville,Illinois,54376,-163.034399,75.416921
Heather Dominguez,71,29631 Robertson Harbors,Mcdonaldport,Kansas,84399,153.863558,-40.1506825
Sharon Young,52,421 Rose Loaf,North Tiffanybury,California,53179,-121.139203,73.427270
Derrick Terrell,23,2547 Edwards Ville Suite 991,East Patrickmouth,Montana,04493,-86.470568,38.9633665
Mr. Christopher Bowen II,27,2155 Matthew Roads,Lake Jenniferview,Mississippi,88930,24.474655,-25.645155
Mallory Graves,22,45508 Perez Burg,Christopherfurt,Oklahoma,43691,-109.061710,79.221893
Stacey Williams,46,854 Soto Hollow Suite 095,Javierside,Florida,07398,93.419566,-48.7776605
Erik Brown,38,148 Timothy Bridge,Lake Sandra,Connecticut,88576,-150.118980,-88.2694885
Kara Sullivan,27,89856 Evan Branch,Mariaport,Minnesota,95865,-69.374469,37.2873295
Barry Williamson,79,627 Pena Oval,Port Eric,Oklahoma,49461,122.522137,73.4830405
Brent Warren,41,23774 Linda Ranch,East Dustinborough,Rhode Island,30127,-70.328002,-88.4878445
Adam Nguyen,80,24137 Johnson Drive,North Shanestad,Arkansas,33028,-23.404571,59.892763
Leah Thompson,50,9793 Clark Forks,East Troy,Tennessee,17923,-96.596017,-20.565193
Susan Glenn,41,34617 Alex Unions Apt. 624,Johnsonborough,Massachusetts,03232,-55.289063,65.2952575
Oscar Gonzales,42,062 George Green,West Alexstad,Illinois,19421,-87.366737,-11.509484
Joanna Brown,33,2998 Myers Trail,Marystad,Virginia,90298,24.501819,6.7529225
Melanie Williams,26,27965 Williams Dam,Trevinochester,Nevada,87034,103.050736,61.898936
Jacob Jones,53,4753 Madison Shores,New Sheenamouth,Nebraska,50518,-118.984247,-24.181398
Richard Hoover,66,93882 Johnson Crossing Apt. 263,Smithtown,Connecticut,52427,125.781982,-2.0592135
Erik Cruz,45,053 Michael Corners,North Douglas,Maine,98623,-26.476290,-52.833715
Angela Dixon,56,847 Jones Fort Apt. 334,Rushchester,Indiana,95401,-71.494062,65.7862955
Kimberly Wood,26,01493 Kristen Ford Suite 096,Emilyville,Utah,72778,-158.952290,-16.1771205
Angela Matthews,19,638 Teresa Knoll Apt. 237,Steventon,North Carolina,36935,53.236244,-29.7951385
Sandra Vega,61,5533 Bruce Unions Suite 044,Danielville,Hawaii,77503,-27.822520,64.010816
Stephanie Smith,42,49650 Samantha Forges Suite 770,Mayview,Rhode Island,78340,7.114225,81.0389645
Brian Knight,22,762 Baker Route,Parsonsshire,Mississippi,12167,174.730766,-28.2029445
Cynthia Wells,76,07031 Macdonald Harbor Suite 453,New Juan,Kansas,79792,-82.142040,-89.5457545
James Reed,41,80232 Elizabeth Island Suite 750,South Phillip,Arkansas,82239,-148.557343,-8.8317235
Thomas Golden,23,138 Walker Mews Apt. 544,South Austin,New York,30436,-75.453965,-38.3212895
Carl Rivera,43,27739 Amanda Freeway Suite 738,North Travis,Virginia,64042,119.573219,43.587163
James Jones,71,698 Simmons Court,Joshuaside,Nebraska,84814,41.083479,-52.643638
Jennifer Jenkins,41,71720 Kimberly Fields,South Rachel,Delaware,75366,114.981126,-75.3666705
Kim Alexander,29,6717 Hill Terrace Apt. 112,East Melissa,New Hampshire,73300,49.019226,-46.605491
Joel Forbes,50,89832 Sanchez Union,West Lukeberg,Idaho,25825,-105.763182,34.5171975
Chris Hines,59,4777 Justin Radial,Jacquelinemouth,Delaware,65550,-175.157039,-29.4572125
Sally Weeks,51,49788 Larson Turnpike,Rodriguezton,Maine,92710,-111.004737,14.693832
Michael Clark,75,110 Lauren Dam,South Michaelmouth,Pennsylvania,38028,107.147071,21.7137045
Stephen Rivers,63,75092 Julie Hills Suite 577,Wilkersonville,Michigan,93586,15.687262,-35.097672
Elizabeth Brooks,76,997 Barnett Trail Suite 812,Jamesfurt,South Carolina,15620,-78.028377,-85.3387085
Mathew Benson,44,97674 Albert Run Apt. 620,Ellismouth,South Dakota,73734,33.558350,-61.658683
Kristin Wood,18,0908 Patterson Fork Suite 373,Christopherhaven,North Carolina,75140,-88.077774,30.4511125
Dean Moore,20,3729 Adkins Mission,Wyattborough,Indiana,79817,-37.097405,-60.023065
Richard Morris,25,258 Susan Knolls,Websterberg,Georgia,54468,59.516195,-23.6872275
Deborah Hood,26,747 Kimberly Drive,North Charlesland,Florida,66229,-131.703376,-72.5160045
April Nguyen,76,95762 Hood Rest,North Chadmouth,New York,83750,142.876404,14.026210
Carlos Daniels,61,5565 Cole Alley,West Kevin,Wisconsin,75691,65.634017,-23.8790655
Melanie Campbell,45,2149 Calderon Spurs Suite 490,Port Eric,New Mexico,11321,-175.240415,65.0439925
Allen Joseph,57,2192 Trevor Valley Apt. 468,Lake Lisafurt,Wisconsin,59005,-67.529077,-73.990616
Gary Donovan,71,93438 Shelton Ramp,Stacieberg,Arizona,43550,-165.492929,76.734139
Mr. Joshua Mcgrath,36,2883 Pearson Extensions Apt. 889,Lake Joshuaville,North Dakota,45835,-117.833134,-17.380309
Tara Johnson,35,3739 Higgins Mission Apt. 140,Robertside,Maine,20444,152.191784,-2.0909525
Lisa Bennett,40,11921 Braun Causeway,Robinsonmouth,Pennsylvania,80508,164.277973,-22.543232
Robert Bates,27,872 Wolfe Stream Suite 466,East Stephanieshire,Idaho,55425,-150.943520,-88.6836695
Maria Cook,48,67956 Miles Junctions Suite 129,Webbborough,Virginia,18448,116.143724,1.093125
Daniel Simon,61,51780 Annette Plaza Apt. 955,Tanyaport,Oklahoma,10475,19.854527,-4.591464
Mariah Golden,69,338 Webster Crest,West Stephanie,Alabama,74237,33.171030,-58.1953965
Christopher Olson,79,60648 Willis Walk Apt. 797,New Michele,South Dakota,20968,89.332116,69.839174
Jeffrey Richards,49,3380 Bianca Canyon Suite 372,Paulmouth,California,93757,-27.079577,-43.7893805
Heidi Rodriguez,21,02060 Harvey Plaza,Kennethport,Wyoming,90236,-34.296281,78.975850
Isabel Smith,41,65824 Kimberly Port,Lake Jennifer,Nevada,83457,-47.419735,-44.934453
Anthony Robinson,42,991 Lauren Viaduct,New Nicholasport,Mississippi,65353,75.157206,-32.7885455
John Garza,66,578 Bradley Hollow Suite 102,New Nicholastown,Missouri,55264,127.803166,50.592750
Joseph Schroeder,21,69661 Amber Hollow Suite 586,East Margaret,Iowa,74264,73.638160,-49.0608295
Sheila Morgan,60,38686 Stewart Villages Suite 064,Jacobmouth,Idaho,09582,123.428181,-0.740212
Patricia Phillips,52,0915 Brandon Coves Suite 037,New Justin,North Dakota,14957,-59.518293,-3.949599
Kimberly Dunlap,61,06545 Bell Parkways Apt. 411,New Bryanview,Montana,32694,-126.767413,-1.7528545
Melissa Davis,75,022 David Islands,Phillipsfort,Massachusetts,81007,101.308363,-13.252059
Larry Barrett,57,30833 Steven Fall Suite 408,South Alexa,Utah,56682,176.906920,35.049767
Seth Hawkins,54,43440 Mary Ville,North Rachel,Illinois,78303,115.175577,-78.985211
Christopher Hill,69,38310 Massey Village,Port Norman,Kansas,59153,-166.277327,68.213558
Larry Taylor,70,02013 Michael Pike Apt. 844,Lewisside,Tennessee,34722,-25.495710,-32.7240215
Alicia Wilson,22,703 Tonya Walk,Kelliton,Nevada,51502,-176.549825,64.0963265
Aimee Moore,46,322 Jacob Knolls Suite 448,North Jameston,Ohio,69956,-130.493306,7.164727
Nicole Vasquez,66,87626 Newman Roads Apt. 203,Lake Breanna,Iowa,15398,-13.580038,-89.1374935
Anne Manning,53,94337 Hayes Hill Apt. 216,East Kathystad,Alabama,10631,161.823054,-55.166960
Elaine Williams,32,86498 Yesenia Mountain Apt. 055,Adamside,Wyoming,48637,-20.146423,-51.6224185
Jacob Butler,43,937 Eric Skyway,Michaelchester,Maine,93478,-141.679444,30.765212
Michael Stevens,29,988 Bailey Burgs Suite 093,Orozcoborough,Virginia,49951,-35.436985,34.830147
Connie Peters,26,197 Jessica Plains Suite 559,Sarahstad,California,97559,36.128061,37.601942
Kari Knight,24,4568 Blanchard Gardens Apt. 747,Lake Jessicatown,Washington,41999,52.270502,-61.3629315
Monica Schultz,34,9937 Garcia Ranch,North Steven,New Mexico,48027,7.571606,14.136191
William Baker,27,551 Jennifer Squares,Jonathanport,Louisiana,11362,3.769764,17.3061955
Brenda Robbins,34,660 Natalie Summit Apt. 422,West Christopher,Maine,76562,57.999747,41.5674845
Stephanie Chan,69,51746 Ritter Mills,Debrashire,Rhode Island,72004,-25.235725,-3.3217435
Jordan Schroeder,80,518 West Shores,Justinbury,North Carolina,67740,128.451699,54.954192
Ronald Cain,26,7149 Smith Turnpike Apt. 016,Port Thomas,South Dakota,98670,-15.654516,-39.857286
Kimberly Hoover,25,4362 Stephanie Roads Apt. 875,Caseyshire,Nebraska,00777,-133.263726,-16.383224
Mrs. Julia Johnson,39,393 Watson Rue Apt. 243,Odonnellchester,Washington,45967,10.545938,11.838514
Krystal Thomas,66,69286 Fernandez Port,Peggybury,Arkansas,13649,-16.982424,-65.682910
William Green,75,20010 Anderson Freeway,North Jeffery,Arizona,15608,-14.022058,-6.8450925
Robyn Gregory,77,844 Tina Prairie Apt. 639,Kochmouth,Wyoming,65402,-162.730146,14.9035525
Beth Estrada,79,1136 Garza Pine Suite 461,Wagnermouth,West Virginia,49462,-55.380608,-13.665055
Randy Green,23,7659 Owens Alley Suite 988,Sanchezmouth,Delaware,12261,85.857797,73.663206
Colleen Taylor,44,7103 Duarte Grove,Lake Eric,Kansas,79981,168.308202,-13.9535375
Jennifer Mcknight,52,37165 Tran Port Apt. 802,North Danielleland,New Hampshire,42585,12.856997,69.266920
Eric Mckinney,53,1393 Jean Place,Gallagherside,Wisconsin,90521,-23.474967,-22.087895
Erica Daniel,53,58688 Powers Keys,Brentmouth,Montana,26098,-146.069124,-68.703257
Tammy Smith,36,50896 Chambers Village Suite 261,New Ashleymouth,New Hampshire,97429,99.053989,-85.4687925
Laurie Bradshaw,50,8758 Donald Ridges,Evansshire,Michigan,29440,-50.360503,65.561109
Stephanie Barnes,77,4242 Gutierrez Pine Suite 033,West Shannonbury,Illinois,09252,-171.251338,-44.288604
April Stevenson,54,49304 Jon Motorway,North Jessica,Oklahoma,78804,-91.312225,-49.615058
Jessica Friedman,54,97921 Jeffrey Pike Suite 535,Tranhaven,Kentucky,71749,154.572972,34.903829
Jessica Cooley,53,380 Barry Ford Suite 134,Howellville,Georgia,58223,67.888553,31.9362845
Ryan Reed,48,520 Flores Divide Apt. 751,Matthewhaven,Maine,28652,-112.822145,-31.564348
Maria Hebert,51,37083 Ruben Well Apt. 806,Ryanside,Minnesota,88405,8.497566,49.7196285
Kevin Sparks,41,67254 Garrett Crossroad Apt. 457,Robinsonton,Virginia,29529,43.881012,-61.760908
Travis Ferguson,78,4068 Wolfe Dale,New Michaelview,Alabama,58145,29.269455,59.347663
Donna Washington,79,054 Kramer Views,Michaelshire,Kentucky,27475,112.201432,85.512440
Chad Cain,64,132 Angelica Rue Apt. 672,Lake Tiffany,Georgia,09617,-131.935673,88.4507645
Kenneth Gallegos Jr.,42,195 Garcia Inlet,West Timothyside,Maryland,26492,-43.415032,-72.511767
Courtney Meadows,62,4124 Courtney Brook,East Brooke,Vermont,32639,-119.288681,3.1110275
Mario Melton,74,2586 Christopher Forest,Huynhborough,Pennsylvania,58664,154.661920,-17.703963
Melinda Phillips,58,648 Espinoza Mill,Floresburgh,Virginia,80256,-17.103414,-39.219141
Walter Williams,41,785 Carrillo Dam Suite 544,New Jamie,Arkansas,96643,-7.160776,12.221155
Jasmine Smith,74,53391 Brock Summit,Romeroland,North Dakota,83066,123.326587,72.7164335
Patricia Dickerson,51,791 Murray Divide,New Victorside,New Hampshire,63856,-71.506871,-74.2301705
Desiree Reeves,44,76059 Reese Port Suite 597,East Dustinbury,Kansas,10053,-34.991305,50.693895
Benjamin Mason,58,511 Zachary Manors,Lake Mackenzie,Rhode Island,24915,-107.543161,20.9190365
Cristina Kirby,21,347 John Shore,Roytown,Alabama,72007,-157.250518,0.8926385
Mariah Reid,68,157 Johnson Lights,Nicholsbury,West Virginia,39136,132.370956,-87.931465
Timothy Norman,44,28098 Evelyn Falls,Jenniferfort,Michigan,14308,130.361773,-24.111707
Andrew Rivera,40,90562 Adams Locks,Carpenterside,Washington,47146,51.842940,-56.7753095
Andrew Russell,24,110 Kim Flat Suite 902,Port James,California,20119,150.253392,27.202612
Scott Miranda,63,849 Luke Locks,Lopezland,Montana,12485,-113.327582,44.936239
John Williams,42,1028 Myers Route Suite 686,Tylerview,Maryland,72369,145.211047,73.0335685
Rebecca Gregory,39,43755 Castillo Ferry,New Rebecca,Wyoming,05518,-8.905615,-48.535231
Bryan Rosales,42,340 Michael Summit Apt. 124,North Jessica,Delaware,03156,-74.186880,28.4086945
Terry Bernard,19,779 Carter Turnpike,New Jamesfort,North Carolina,57187,-124.965104,-77.609887
Monica Morgan,74,9221 Steven Flat,North Johnberg,Wisconsin,37443,-46.546291,-74.257400
Miranda Horton,32,1474 Carrie Ridge,East Mary,South Dakota,57244,-114.587936,83.1160555
Stephanie Powell,52,203 Richard Ridges,Richardmouth,South Dakota,96047,157.598735,-30.029225
Michael Smith,47,0113 Matthew Rue Apt. 947,Stephanieville,California,05157,13.260346,82.838353
Kenneth Hartman,54,5255 Amanda Trail Apt. 434,Jenniferburgh,Delaware,16634,-74.631282,-66.379231
Christina Mccoy,53,44772 Matthew Alley Suite 665,Lucerofort,South Carolina,99706,50.670983,18.708446
Desiree Hebert,28,59897 Bennett Hill Apt. 458,West Benjamin,Connecticut,19846,72.455569,-43.467171
Antonio Smith,18,17866 Buckley Circles Suite 647,Gentryview,Delaware,04402,-113.968721,-8.973895
Karen Bailey,42,6208 Rodriguez Ways Suite 629,Port Samueltown,Rhode Island,05851,87.215880,26.102138
Sarah Murphy,19,7266 Ramirez River,North Maxmouth,Texas,19484,-20.113381,82.296789
Allen Vasquez,19,986 Reynolds Forge Suite 192,Brownburgh,Idaho,77507,-148.550326,-38.1871545
Brandon Franklin II,79,7157 Williams Rapid,East Angelaport,Indiana,79607,81.905172,3.317153
Taylor Mcdaniel,25,946 Mitchell Viaduct,Lake Amanda,Idaho,64920,71.921217,-10.8154295
Monica Daniel,45,6603 Clark Prairie Suite 269,West Pamelachester,Rhode Island,68158,107.659829,32.6670385
Cheyenne Bradley,75,2078 Megan Harbor Suite 548,Andreaton,Nebraska,10746,-42.719179,5.2673695
Kayla Gonzalez,54,11148 Stuart Street Apt. 842,Tammyberg,California,51115,-159.564304,-57.978190
Cynthia Beck DVM,69,977 Powell Valley,Brendatown,Kansas,82470,179.135677,-43.124753
Taylor Jones,43,2727 Walters Keys,Howardborough,Nevada,96803,176.883790,51.702189
Amber Knapp,67,1563 Jenkins Locks Suite 962,North Stephen,Virginia,40105,-100.433153,52.732243
David Edwards,76,92375 Duke Throughway Suite 710,South Paul,Arizona,41634,-176.797254,83.984154
Stephanie Pierce,43,28416 Sarah Landing Suite 622,West Adam,Oklahoma,71787,-12.728302,-35.7775315
Ronald Lee,65,40326 Eugene Center Apt. 372,West Tony,New Hampshire,94314,89.509861,33.9948225
Brenda Smith,37,76408 Sonya Course Suite 565,West Cherylmouth,Washington,74464,148.134450,41.590925
Jennifer Sanchez,19,7234 Alicia Manor,West Alejandro,Michigan,50795,7.177582,4.789008
Paige Johnson,20,701 Johnson Brooks,Danielland,West Virginia,62041,79.626125,39.8215145
Angela Gomez,27,5839 Rebecca Valley Suite 279,Davidhaven,Delaware,44767,76.134861,-54.293743
Carl Ross,69,7297 Ronald Isle Apt. 498,North Michaelland,Iowa,38085,108.727219,3.405671
Jacob Gilbert,36,91460 Jennifer Point,New Barbara,Delaware,81889,14.772525,-86.0777195
Kimberly Wilson,51,4119 Brenda Glens Suite 489,Josephstad,Idaho,51198,-28.138370,76.9866805
Tiffany Bell,33,35940 Alexander Drive Apt. 505,North Jasmineburgh,California,21441,44.516205,17.7678985
Jacob Pineda,39,84846 Christine Point,Wilsontown,Colorado,55625,-35.053171,11.3600565
David Crosby,80,103 Jacob Center Apt. 231,Carlosside,Arizona,62329,-105.018162,-79.123451
Terri Martinez,69,380 Jeremy View Suite 920,Brianchester,Illinois,51176,-130.734555,39.681526
Christopher Stevens,43,138 Holly Prairie,New Elizabethmouth,Oregon,64133,134.368732,66.8291755
Kristen Mathis,19,7944 Adam Lake,North Jamesburgh,Wisconsin,88321,92.519466,-77.442283
Barbara Wright,33,1310 Hill Shore Apt. 490,Larsonville,North Carolina,51775,70.654881,74.284047
John Murphy,52,18943 Elizabeth Village,West Candice,Maryland,06546,-36.648759,-15.402661
Sharon King,35,4947 Kimberly Trace Suite 813,Crystalfurt,New Jersey,76350,165.515237,81.0011815
Heather Marshall,34,4606 Hernandez Squares Apt. 260,West Rogerborough,Virginia,63758,37.860887,73.978344
Arthur Hughes,77,59823 Sawyer Ranch Suite 500,Lake Erinton,Louisiana,83973,-114.519878,-55.248304
Joel Ortiz,55,176 Morton Trail Suite 666,North Sharonshire,Alaska,20278,-146.678379,-35.153988
Mr. James Taylor,76,104 Byrd Way,New James,South Carolina,53884,161.532906,-88.5514095
Tiffany Conrad,37,3560 Brian Mews,Candiceburgh,Alabama,11012,120.979378,11.652979
Elijah Swanson,69,39651 Lee Trace,Alexistown,Hawaii,75679,53.438457,-35.8671255
Cynthia Williams,38,811 Finley Alley,New Emilystad,New Hampshire,25236,94.752535,-4.235231
Jason Collins,47,609 Susan Place,East Ronnie,Arizona,57773,-100.008384,-60.281480
Erin Phillips,79,1626 Rebecca Freeway Apt. 706,New Shawn,New Mexico,66588,57.185539,62.1302025
Mr. Michael Abbott PhD,48,239 Caldwell Drive,Heatherhaven,Wyoming,32426,98.855443,-14.5776845
Raymond Fischer,25,703 Nguyen Drives,Jenniferberg,Virginia,81762,143.470408,-4.737850
Joseph Nguyen,29,0616 Stewart Ports,Port Danielside,Oregon,71964,-92.592597,-74.539374
Amanda Gonzalez,39,17372 Rice Mall,North Stacystad,Montana,40946,144.587194,-15.9806135
Jeremiah Blankenship,77,77652 Anthony Shoal,Port Mariobury,Virginia,83538,31.775635,-49.3490825
William Cooke,73,64444 Justin Wall Apt. 356,Herringside,Alabama,98433,33.432883,67.8387295
Joy Knight,28,3842 Diane Court Apt. 538,North Richard,Iowa,02012,171.974064,-78.5346535
Russell Wagner,35,758 Webb Mountains,Port Carl,Rhode Island,78790,100.657660,15.0204415
Angela Montoya,20,6754 Robert Mews,Kimburgh,Oklahoma,62995,18.428226,-5.1903015
Heather Guzman,54,3600 Johnson Point,Maloneberg,North Carolina,68543,-117.314716,-4.5619585
Mr. Sean Brooks,41,851 Bender Fort Suite 629,Andersonhaven,Georgia,25385,176.942157,-44.242868
Amanda Harrison,80,4527 Taylor Squares Apt. 574,Mooreport,Colorado,65373,177.033059,-82.047382
Tamara Flores,61,86859 Robinson Bypass,East Tammyburgh,Rhode Island,23380,-25.379281,6.2446055
Heather Johnson,79,8422 Patricia Track,Lake Calvinshire,Mississippi,27853,154.869306,23.9410395
Kara Hunt,54,92277 Allison Plaza Apt. 149,Port Stacey,Iowa,72862,75.127972,68.730206
Kelsey Howard,72,8569 Martinez Hill Suite 238,West Susanview,Illinois,79380,47.193690,30.4470615
Sherri Ferguson,49,175 Lang Underpass Suite 137,Dorseyside,Iowa,54629,174.052868,-37.4278405
William Robinson,53,0958 Faulkner Spring Suite 863,Danielleborough,Florida,18283,-72.433087,-5.909684
Andrew Strickland,50,9550 Elliott Lane Apt. 327,West Frankstad,Michigan,22933,-146.601865,-28.2726075
Travis Phelps,61,363 Rebecca Prairie Suite 057,New Courtneystad,New Mexico,71303,56.464468,-86.8903965
Frank Miller,58,064 Clark Mount,Stonefurt,Oregon,93224,142.200294,59.058023
Brittany Williams,20,990 Amy Island Suite 211,Knightbury,Oregon,26187,26.243827,29.777938
Cody Ward,35,01968 Robinson Islands Suite 383,Autumnstad,Missouri,38463,-22.130515,-64.764794
Jeanette Mason,79,3433 Miller Lodge,East Ryanhaven,Oklahoma,56475,-172.327448,23.5726305
James Johnson,52,27279 Dustin Ramp Suite 212,Port Tammy,Wyoming,32159,-25.124926,-81.3159515
Audrey Morales,62,13175 Garcia Summit Apt. 794,Parkerview,Oklahoma,76460,-32.795546,-21.6467765
Adam Perez,38,381 Stevens Drive,New Mariamouth,Texas,97500,121.958851,-1.7450815
Michael Wood,54,263 Michelle Drive Apt. 133,West Amanda,Kansas,14084,-18.981628,1.630127
Debbie Munoz,65,91799 Sarah Trail Apt. 273,Lake Marktown,Wisconsin,06275,-76.475038,88.0226985
Justin Bowen,28,6724 Rachel Island,Nataliefort,Nebraska,38687,135.126682,-3.199124
Stephanie Bright,48,3514 Jay Stream Suite 679,Russellville,Oklahoma,26657,-127.458112,-49.3543645
Rachel Bradshaw,36,254 Parker Valley,East Mary,Kentucky,30432,-145.396843,-34.5523855
Lauren Anderson,77,4881 Gilbert Walks Suite 906,Erinborough,New Mexico,21421,157.989246,78.8864995
Sonya Clark,62,0289 Juan Haven Apt. 161,East Jonathan,Maryland,46585,-101.578926,71.0671455
Timothy Hall,34,83281 Garcia Tunnel Apt. 645,Rojaschester,Massachusetts,36512,-168.443731,24.532299
Adam Wright,40,65682 Lydia Street Apt. 059,West Aaronhaven,Arizona,87612,7.693983,22.1196195
Elaine Stone,40,98248 Johnson Bridge,West Caseyshire,Georgia,04334,-30.565683,-64.331308
Lauren Contreras,30,8057 George Keys Apt. 404,North Kristinborough,Nevada,85373,-171.000006,-11.269954
Robert Sims,43,6776 Robert Square Suite 674,South Joshuachester,Oregon,10974,-58.220983,37.200636
Jose Castillo,18,9332 Schultz Forks,Anaside,Indiana,56404,-64.531615,84.3485385
Steven Johnson,31,2033 Joshua Falls,Bellbury,Nebraska,02381,-13.790194,-41.689683
Heather Walton,41,2361 Sanchez Lodge,New Sherrybury,Arizona,60844,21.167396,63.753016
Linda Parsons,23,36998 Johnson Parkways,Allisonfort,Arkansas,48148,-118.791217,-5.415693
Patrick Richards,28,6855 Rodriguez Fort,Frankbury,Massachusetts,67249,113.274778,-36.5294835
Jennifer Thornton,46,45412 Reed Greens Apt. 011,Port Scotttown,Wisconsin,94670,160.055640,37.327973
Carrie Black,55,5671 Krista Keys Apt. 953,East Maryberg,Ohio,32462,-2.156923,-50.8110035
Maria Morris,20,20491 Saunders Ford Suite 107,Shannonstad,Maine,71747,148.872274,63.483414
Jose Coleman,44,0378 David Unions Suite 164,Morganfurt,Pennsylvania,10221,60.472520,-22.4170255
Lindsay Robinson,30,3869 Thomas Crossing,Port Shannon,Virginia,82789,-33.995371,-47.7968505
Andrew Stevens,30,52210 Cox Well,Lake Shawn,New Hampshire,30037,70.508739,27.9508485
Diana Mann,28,84226 Eric Divide,Lorettaton,Massachusetts,11412,99.262940,-25.1764905
Jennifer Rodriguez MD,21,11446 King Turnpike Suite 527,North Kaitlyn,West Virginia,75612,91.178926,84.9349515
Rachel Landry,52,6700 William Place,Lake Michael,New York,10925,-99.412906,-70.9993325
Sheri Davis MD,36,3315 Grant Prairie,Lake Nicole,South Carolina,30055,-102.320995,-55.0037705
Aaron Boyd,21,071 Smith Greens Suite 664,Russellfort,Idaho,60346,-34.679282,87.277587
Melissa Wilson,35,888 Martin Forest Suite 767,Portermouth,Ohio,38550,-7.091859,43.734671
Wendy Diaz,74,71747 Eric Island Apt. 560,New Allen,Mississippi,49894,104.017634,25.6637975
Tyler Santos,43,6869 Ashlee Brook Suite 907,Davidborough,Kentucky,27017,-19.330229,56.204733
Vanessa Hendrix,33,485 Michael Neck Apt. 526,Heiditown,Virginia,51423,74.520867,-32.4779585
Andrew Bowers,24,542 Rice Ridges,Michaelport,Massachusetts,80817,-23.647529,-72.145665
Richard Kelly,39,47474 Campbell Pass Apt. 259,East Tyler,North Carolina,57311,-73.863302,20.322297
Elizabeth Watson,42,66032 Carter Island Apt. 471,Michaelview,Texas,07589,-47.645986,-84.7274035
Margaret Miller,28,7277 Peter Ford,Lake Melanieside,Hawaii,70698,-115.486699,30.516935
Ryan Medina,64,9346 Heather Inlet Suite 937,Lauraburgh,Oregon,67049,-76.867356,-30.8713385
Leslie Preston,69,72975 Bruce Street Suite 581,Lisahaven,Colorado,88699,45.267421,-18.117892
Vanessa Arnold,45,16182 Janet Prairie Suite 213,New Laurenview,Rhode Island,65741,118.805719,65.5489025
Mike Roberts,67,462 Lee Canyon Apt. 314,Petersonville,Arizona,07379,59.583179,-8.8603825
Maria Jenkins,53,9666 Palmer Rue Suite 560,Brandonmouth,Kentucky,58471,73.792450,-34.5615735
Mr. Timothy Anderson,19,0160 Kelsey Vista,Sarahtown,Washington,65393,100.502892,64.1068235
Kenneth Jones,74,00060 Mclaughlin Knolls,Chadborough,Arizona,24347,146.356826,-61.813933
Scott Nguyen,28,4317 John Roads Suite 759,Jonestown,Massachusetts,42419,-71.086835,-80.376548
Ivan Fitzpatrick,67,94813 Rodriguez Extensions,Mathewburgh,Connecticut,21345,-150.265857,33.6049265
Patrick Trujillo,62,27438 Snyder Centers Apt. 804,South Steven,Tennessee,52460,-37.767839,-62.300867
Vincent Washington,46,85546 Michael Underpass,Powellburgh,Oregon,82873,11.908977,-16.520079
Kara Campbell,35,17740 Morgan Key Suite 482,Jennifershire,Missouri,41990,-38.123387,-20.0076655
Patrick Smith,45,91908 Davis Glens,North Duaneville,Indiana,70653,141.400799,29.985892
Patrick Carr,71,59130 Pierce Plain Apt. 697,South Kristenside,Kentucky,32176,-1.497798,-44.8699895
Katherine Mcneil,28,9412 Lindsay Mill Apt. 287,West Wayne,Kansas,23791,49.690923,-47.2572525
Mark Garcia,42,6369 Hunter Vista,Port Julieview,Minnesota,07589,-71.153674,-46.496666
Danielle Black,39,891 Foster Walk Apt. 568,Jonesland,Pennsylvania,39151,-77.947951,82.138742
Michael Medina,46,39286 Smith Ranch Suite 504,Michaelside,Kentucky,81332,-31.852798,37.6342965
Amy Dillon,25,7880 Miller Fields,Hamiltonchester,Wyoming,59625,123.391299,6.122059
Linda Howard,63,140 George Garden,Port Shannon,New Hampshire,65989,-122.831226,-87.877188
Jocelyn Vang,51,04804 Medina Walks Apt. 740,South Jennifer,Oklahoma,89590,101.848064,-46.877474
Noah Garcia,46,5526 Sierra Isle Apt. 800,Bauerport,Delaware,38453,-108.049850,12.0099815
Michele Martinez,21,57607 Reed Neck Apt. 011,North Biancashire,Iowa,84849,25.906652,-62.205271
James Escobar,22,800 Amy Gardens,Ashleychester,Oregon,00672,-151.447230,50.946144
Rhonda Smith,67,2436 Laura Walk,East Matthew,Ohio,71413,-142.773175,42.634901
Jessica Pham,49,84283 Anderson Viaduct,South Matthewshire,Louisiana,30572,4.859409,45.404917
Stanley Baker,58,7117 Colton Mission Suite 279,Harrisbury,Massachusetts,07629,30.568144,64.889241
Valerie Delacruz,27,0527 Alison Circles,Benjaminhaven,Maine,16765,-67.319505,58.392025
Brian Mcdonald,32,797 Isaac Overpass,Port Bradytown,Minnesota,24314,47.696452,-69.949602
William Thomas,58,45586 Parsons Fall Suite 179,Stephanieville,Maryland,27492,-127.155984,-59.368031
Elizabeth Yoder,73,239 Love Alley Apt. 773,Samanthachester,Alabama,99438,15.475251,-86.852081
James Church,72,416 Kiara Pass,West Amandaview,Wisconsin,35783,128.819150,58.088650
John Lindsey,33,3067 Harris Drives,Jonesfurt,Wyoming,82957,-113.529189,-20.033447
Rachel Howell,67,546 Julie Mission Apt. 661,Popefurt,Arizona,94907,92.864623,65.7506565
Emma Roberts,62,5366 Robert Lake,Port Karen,Kansas,67995,31.529749,89.587647
Kimberly Lloyd,40,3934 Tasha Coves Apt. 466,New Luis,New Jersey,73254,146.364452,-27.809110
Amanda Wheeler,22,360 Ronald Island,Hortonland,South Carolina,02082,100.803976,68.592232
Lauren Gibson,64,8365 Malone Overpass Apt. 425,Mendezstad,Washington,05201,-7.920144,70.4639115
Jill Allen,27,468 Gomez Lock,Josetown,North Dakota,54009,125.671129,-11.628601
Tyler Harrison,68,3567 Hamilton Flat Suite 797,Laurenbury,Vermont,83610,-53.016592,-31.479126
Karen Randall,25,89298 Kimberly Circles,South Samanthaville,North Carolina,20265,34.735716,-16.2326595
Gloria Brewer,61,07456 Jason Forges,Markhaven,North Carolina,36619,86.830039,-13.474449
Dylan Perez,19,1942 Christian Rapids,Rivasfurt,North Carolina,54922,69.375218,15.396111
Scott Huynh,57,1920 Holly Forest Suite 657,Port Ashlee,Connecticut,75738,-170.559591,-45.5725255
Adam Blair,78,699 Andrea View,Wileymouth,Tennessee,01950,-33.670818,-89.6463045
Roger Ellison,53,4449 Bowman Roads Suite 303,Hamiltonborough,Indiana,24210,7.078338,-44.1275475
Teresa Williams,55,26523 Hernandez Oval Suite 220,East Tammy,Alabama,93260,38.150060,18.3691065
Philip White,21,5803 Camacho Loop Apt. 947,Lake Nicolebury,Delaware,31632,39.669985,67.0933905
David Berry,41,9816 Dylan Valleys,New Melissaland,Oregon,69712,46.530812,28.232910
Ryan Schultz,21,7186 Rebecca Bridge Apt. 445,West Cesar,Utah,13889,16.913705,-52.9894005
Susan Jimenez,56,902 Brittany Mountains,Sarahmouth,Vermont,54871,-25.366311,-61.0424985
Sarah Franklin,70,0565 Brittany Viaduct,Harrelltown,Alaska,03308,136.427092,-81.018903
Juan Hubbard,47,44714 Julian Island,Martinezhaven,New York,52994,130.696518,-3.836136
Amanda Sawyer MD,27,545 Todd Landing,Port Davidside,South Carolina,41723,88.609662,33.837028
Thomas Stewart,32,6055 Beck Parkway Apt. 372,Lake Stephen,Arkansas,16467,-120.388138,72.4128865
Jennifer Snyder,71,134 Crystal Shore Suite 599,Kristinaburgh,New Jersey,30811,45.525286,89.485377
Molly Gomez,37,9273 Antonio Pike Apt. 487,Thomashaven,Massachusetts,94937,168.649348,-8.3363145
Peter Blanchard,40,1858 Ball Expressway Suite 091,Jamesberg,Texas,47963,46.265476,69.5713735
Patrick Moore,80,169 Miller Place,West Emilyville,Ohio,07870,-79.696533,-85.0831135
Joshua Mcknight,39,620 Erin Points,Terryside,Kansas,87118,120.518939,43.076826
Samuel Bean,23,26431 Mora Shore Apt. 381,West Ashley,Arizona,23525,-19.944922,7.114400
Richard Mcknight,70,7050 Tonya Ranch Suite 856,East Bonnie,Rhode Island,15920,-150.384449,83.355396
Amanda Grant,47,7852 Williams Hill,Jamesberg,New Mexico,73261,-153.700828,-45.426094
Charles Taylor,36,057 Annette Landing,Owenstown,Wyoming,36715,-106.803546,87.538687
Bruce Bell,27,539 Benitez Mission Suite 791,North Christopher,Pennsylvania,08859,-9.962320,-52.6576355
Karina Parsons,21,836 Amanda Springs Suite 088,South David,Idaho,53358,-111.495341,-69.383389
Sabrina Scott,18,600 Bowman Plains Apt. 537,Lamton,Vermont,86572,76.221513,-54.513202
Alexis Castillo,28,0930 Mills Lock,Laurenview,Rhode Island,93684,-36.557726,76.2729535
Bryan Charles,46,17623 Humphrey Knoll,New Brian,West Virginia,52007,29.365857,-19.202700
Marvin Gonzalez,25,22267 Aaron Key Apt. 506,Jennifermouth,Washington,77854,-172.531788,-84.0445545
Jason Patterson,62,77010 Benjamin Neck,Port Rhondaland,Arizona,70689,-51.442715,61.524224
Edward Pham,34,15813 Hill Landing,North Carlos,California,78131,149.393386,8.664811
Cathy Smith,80,239 Brian View Suite 407,Foxshire,Delaware,53479,110.519881,-62.661596
Alexis Robertson,33,173 Jeremy Ridge,Lake Bobby,Massachusetts,22166,117.304989,-53.305509
Deanna Paul,63,8527 Tanner Springs,South Wayne,California,81597,142.692934,81.6028765
Michael Burgess,64,854 Susan Locks,South Kevin,Vermont,14131,-162.493286,42.438262
John Turner,45,07611 Kimberly Greens Apt. 135,Williammouth,Montana,28478,-32.534508,0.7647285
Alexander Burch,57,416 Swanson Knoll,West Timothy,New York,99555,-38.798037,-76.7549075
Vicki Smith,62,862 Miller Plaza,North Keith,Arkansas,93314,46.761802,-70.846434
Kimberly Ray,61,75876 Larsen Spurs,Carrieborough,Oregon,97691,-89.537484,34.688710
Patricia Gomez,75,2184 Moran Trail,Jamieview,Louisiana,04253,178.867860,-41.5177905
Anna Robinson,60,12718 Carrie Overpass Suite 243,Patriciastad,Arkansas,42748,-4.240829,46.013313
Alexis Scott,26,15585 Anthony Shore,Laurenburgh,Tennessee,28533,129.449686,-30.8480665
Kurt Reeves,67,0131 Little Points,Richardport,Kentucky,09021,-173.937889,12.187562
Nancy Sanders,20,39381 Hayley Station,New Steve,Connecticut,28649,-128.898237,3.063361
Ruben George,48,96385 Deanna Falls,New Rita,Nevada,56831,171.554922,-64.095446
Mr. Garrett Johnson,68,76712 Joseph Ranch,Dianeburgh,Hawaii,08772,128.467474,68.2210715
Ann Franklin,49,3387 James Fork,Davidhaven,Virginia,75253,17.879346,-30.5898225
Jeffrey Wright,36,161 Joshua Plains Suite 022,Beanshire,Kentucky,95383,170.295068,40.785998
Wendy Reeves,26,35684 Rowe Circles,Coopertown,Virginia,86957,-98.411876,-42.408914
Steven Rhodes,78,91273 Bowers Street,Port Jennifer,Utah,01351,-149.867234,-2.1733595
Patrick Murphy,50,256 Margaret Estates,New Josephtown,Kansas,65092,-17.058168,50.255356
Matthew White,78,59170 Michael Fork,Port Carlosmouth,Michigan,31492,127.002114,-42.0583775
Lindsay Johnson,45,970 Petersen Underpass,Mendozaview,New Jersey,97317,71.014225,-19.824238
David Vargas,38,36070 Mcguire Pines,Leonardborough,Montana,79942,46.955294,44.311880
Kathy Patrick,71,17015 White Avenue Apt. 649,Millermouth,Nevada,55786,83.490881,29.8899645
Christian Bullock,48,0160 Brooks Mount Suite 971,Brookshaven,Massachusetts,77678,-164.809043,41.6090335
Christopher Anderson,49,148 Amber Circles Apt. 997,Michellehaven,Louisiana,36247,130.328210,-55.774455
Ralph Robertson,50,764 Ramos Plaza Suite 808,Lake Allison,Wisconsin,32121,-153.666427,69.1114355
Kenneth Henry,35,769 Hunter Spurs,Samuelchester,Maine,26833,-82.591832,57.306566
Gregory Hopkins,29,25334 Payne Mews,Dustinton,Colorado,10401,-10.497127,-81.185143
Thomas Howard,31,622 Corey Freeway Apt. 456,Charlesstad,Arkansas,12426,100.119412,83.9301865
Julia Daniels,71,76125 Angela Mission,Mooreview,Oklahoma,10515,-143.853615,-50.543002
Anna Davis,78,69732 Alexander Point,Christopherland,South Dakota,65836,168.966645,86.506678
Ms. Taylor French,60,7089 Rebecca Plain Apt. 218,Boyermouth,North Carolina,21031,-10.832233,-85.001479
Cathy Weber,31,57661 Erika Fields,East Ronaldbury,Wyoming,81800,50.228057,-42.1110395
