name,age,street,city,state,zip,lng,lat
Shelley Greer,20,7173 Nicole Parkway Apt. 667,East Keith,Illinois,70445,-36.947689,-23.1365635
Timothy Lopez,47,746 Todd Expressway,Port Rebeccaborough,Alabama,61799,29.399188,-60.357361
Casey Saunders,50,5103 Joseph Freeway,Grantchester,Mississippi,78145,-96.687315,71.719995
Connor Merritt,40,0750 Parker Shoal Apt. 487,East Stephenton,Missouri,28716,-158.731271,75.264063
James Dixon,77,611 Santiago Prairie Apt. 110,Katieberg,Oregon,19018,-95.679162,-57.370881
Patricia Williams,78,5333 Marquez Unions,Lindseychester,Arizona,86581,-56.120500,22.489014
Linda Butler,26,2664 Jack Dam,Meredithfort,New Jersey,66087,174.781675,51.381366
James Morales,76,7476 Leach Land,New Jacquelinebury,Delaware,51251,10.674868,-32.938641
Elizabeth Simpson,69,5494 Stafford Lights Apt. 771,Carlosberg,Arizona,11639,-120.101996,-20.4003825
Adam Murphy,53,71402 Joseph Underpass Suite 118,Port Tara,South Carolina,14520,174.355155,-15.400470
Raymond Spears,73,474 Angela Canyon Suite 254,East Peter,Maryland,82264,-115.822676,52.1121835
Katherine Mclaughlin,74,0964 Mendoza Coves,Christopherberg,Virginia,81765,76.459298,55.580242
Michael Gonzalez,71,356 Parsons Forest Apt. 255,South Christina,South Carolina,77484,167.976790,33.537666
David Allen,43,48652 Powell Fords,Johnside,Oklahoma,02985,-158.946059,-4.4105895
Ashley Bennett,77,095 Mills Light Apt. 449,New Kathryn,Hawaii,59895,164.903519,-35.4826755
Andrew Becker,65,40192 Hansen Squares,Lake Anthony,Vermont,70335,-47.310906,-72.6875105
Joshua Parrish,65,002 Daniel Avenue Apt. 448,Lake Ericachester,Montana,96491,99.741238,-60.9171725
Angela Larson,76,6525 Winters Circle,East Sara,Indiana,51935,-92.516223,65.483788
Thomas Parks,20,5950 Brian Viaduct Suite 699,Lake Phillipmouth,Rhode Island,69213,-62.758047,-13.869665
Nancy Scott,26,96732 Kristina Road Suite 966,North Blaketon,Virginia,01015,-14.343414,-76.8157795
David Schneider,38,481 Kevin Row,Travisview,Idaho,28194,-2.226787,87.569398
Jason Smith,59,3641 Warren Manors,Ellisborough,Massachusetts,44382,27.640940,1.324757
Keith Castro,19,85770 Johnson Light Suite 667,South Danielleshire,Georgia,88921,-8.324556,87.065945
Angelica Peterson,59,632 Katie Shoals Apt. 873,Sharonchester,Michigan,48544,18.984958,-67.510810
John Smith,45,30359 Washington Points Suite 289,Ashleyville,Delaware,38475,-12.643766,-10.956639
Sarah Fischer,18,10028 Brandon Meadow,Williamsmouth,Utah,48650,87.587646,8.900900
Bonnie Davis,80,300 Gabrielle Fall,South Angela,Louisiana,64060,-85.070707,4.280015
Barry Schmidt,29,608 Christopher Loop Apt. 996,Gutierrezside,Indiana,01397,54.997831,13.2576035
Tracey Zamora,73,7025 Le Tunnel Suite 824,Kirbyberg,North Carolina,93981,-138.102124,-52.3342375
Denise Gonzalez,67,561 Smith Throughway,New Ricardoland,Tennessee,55279,-10.283145,29.3783215
Michelle Duncan,38,28822 Thomas Alley,Pamelastad,South Carolina,73784,42.143664,-0.758165
Brianna Jones,18,1437 Amy Vista Apt. 587,Makaylastad,Pennsylvania,32998,112.741102,45.462379
Lisa Delacruz,41,3853 Christopher Inlet Apt. 285,Greenemouth,New York,11726,57.072359,-23.7389135
Diana Greer,79,632 Austin Loaf Apt. 500,Michelletown,New York,60700,-116.323131,-4.341638
Catherine Hardy,57,25088 David Viaduct Suite 112,North Nicole,South Dakota,66065,-8.480086,46.835395
Natalie Strickland,64,052 Smith Mission,North Eugenechester,New Mexico,29043,58.031145,84.6795355
Cody Gordon,57,853 James Inlet Apt. 334,Jamesmouth,Louisiana,70090,33.264244,-52.5432245
Craig Howe,52,5875 Robert Burgs Suite 751,Lorifort,Arkansas,47496,-45.334272,31.3716985
Michael Morales,60,380 Webb Wells,Petersonmouth,Vermont,14957,-60.409497,-60.369613
Vincent Brooks,53,56536 Andrea Estates,West Reginald,Louisiana,86001,161.031448,20.540342
Kristina Wright,64,800 Carroll Trail Apt. 779,Phambury,Arizona,07738,128.393306,37.387511
Walter Beck,42,51878 Amy Park Suite 647,South Jared,North Carolina,20946,49.785573,18.3590045
Gregory Gordon,53,7600 Jackson Terrace Suite 150,Port Kylebury,Montana,79333,29.247243,9.226603
Kevin Sanchez,70,408 Mark Streets,Stephanieview,Nevada,50658,137.158933,-69.473264
Joyce Norris,40,327 Cannon Road Suite 622,South Steven,Kansas,91249,45.643195,-37.366332
Rebecca Hensley,65,748 Nichols Row Apt. 639,Martinmouth,West Virginia,84967,-66.615903,-28.9924545
Wendy Allen,63,152 Brittany Land Apt. 431,Ericaview,Maryland,69972,178.975067,65.1266195
Christopher Pruitt,78,1789 Kristina Ridges,Annaport,California,68127,-37.870214,5.556791
Gina Farrell,32,251 Smith Garden,South Melissamouth,South Dakota,23059,103.093632,-5.7613435
Jill Stephens,51,642 Hanson Trafficway Suite 478,Alisonchester,Utah,65017,120.125803,44.9898605
Zachary Mueller,58,0717 Curry Street Suite 014,Port Jessica,Minnesota,16250,-125.055714,-20.586541
Laura Arias,28,82416 Hall Flats Apt. 977,Youngfort,Virginia,53949,106.126702,89.164576
Travis Mathis,49,2486 Blair Pass Suite 103,Katiehaven,Idaho,91984,-113.418416,-48.0959105
Kathryn Richard,64,38232 Morales Mews,Port Patriciafort,Iowa,35602,-0.732236,81.026862
Felicia Rodriguez,39,6053 Walker Pine Apt. 127,Mckeeville,Pennsylvania,19595,-72.982468,-61.930506
Ashley Montgomery,69,67177 Wesley Crossroad Suite 271,Loweview,Idaho,27415,25.351576,-67.7410055
Ricky Santiago,39,484 Wright Mall Apt. 969,West Richardburgh,Mississippi,66105,97.159202,-21.0721955
Robert Andrews,59,376 Jennifer Ferry,New Shawnport,Vermont,56832,-153.545461,80.777482
Melissa Odom,30,99509 Charles Radial Suite 585,Lake Jessicatown,Mississippi,55819,72.951495,42.808797
Nicole King,28,0494 Jennifer Isle Suite 178,Morganberg,Alabama,03358,11.970391,78.2602715
James Leon III,26,653 Farmer Highway Suite 194,Andrewfurt,Louisiana,75162,-87.633921,39.424470
Melinda Ellis,40,51648 Clayton Track Apt. 479,Rodriguezton,Kansas,07436,-174.966949,71.1156795
Angelica Johnson,32,78328 Olivia Stravenue Apt. 528,Toddville,Michigan,46394,3.947141,-35.855473
Michael Brown,18,571 Morales Skyway Apt. 413,New Jennahaven,Rhode Island,75147,-17.822252,-24.9646185
Arthur Hurst,50,60781 James Drives,West Kayla,Wisconsin,23790,-160.470462,-20.3388365
Veronica Trevino,51,36563 Stephanie Rest Suite 914,East Williamshire,Colorado,74022,25.953711,16.3778555
Tiffany Anthony DDS,24,421 Owens Run Suite 298,Jackshire,Delaware,39423,56.199605,-29.2374355
Herbert Adams,52,09153 Anderson Shoals,South Ashley,California,88077,-178.114507,-79.552370
Alyssa Price,77,9065 Jack Pike,East Mary,Missouri,36802,4.169257,-2.428483
Cynthia Davis,23,703 Randy Junction Apt. 703,West Patriciamouth,Utah,78034,-35.786308,43.2456935
Christina Brown,30,99410 Jesse Roads Apt. 201,West Emily,Maine,50365,-1.307706,53.772368
Bryan Reid,38,66100 Bianca Track,Lake Amandaside,Oregon,84430,2.721945,-68.7180335
Alicia Keith,20,7268 Michael Mountain Suite 198,North Lisa,Wyoming,35662,-119.170963,31.1979035
Jessica Lopez,78,46560 Moran Crest Apt. 091,South Jasonhaven,Indiana,76459,-65.889519,42.659701
Catherine Hernandez,50,581 Mitchell Ferry,Brightside,Oklahoma,90968,-37.280461,79.222307
Morgan Parks,62,05295 Lee Vista,New Diana,Massachusetts,24346,27.849411,26.435246
David Walsh,52,0741 Lester Garden Suite 506,Aaronshire,South Dakota,29567,96.836046,-70.413584
Dr. Mark Thomas,80,22032 April Lodge Suite 680,Shawnaburgh,New Hampshire,78704,-61.379072,-3.903227
Angela Beck,34,01125 Heather Garden Apt. 441,West Donnabury,Wisconsin,31236,152.491046,22.000784
Shannon James,41,622 Brian Knoll,Donnaland,South Carolina,52582,50.420248,84.0183385
Joe Ramirez,30,0038 Gina Turnpike,Port Carolynhaven,New Jersey,12428,-143.813074,-55.138897
Kristina Bond,55,8609 Richardson Islands,West Cassandraburgh,South Dakota,18866,27.523659,68.6323105
Brittany Roberts,67,57789 Martinez Shores Suite 197,Vincentport,Indiana,16669,135.591713,70.803851
Connor Hamilton,39,9604 Stephenson Gardens Apt. 755,South Nicole,Michigan,52806,131.635893,-10.1604985
Tammy Mathews,19,771 Andrew Junctions,Smithmouth,Massachusetts,99874,9.733429,40.538504
Troy Duncan,64,066 David Extension Suite 623,Shannonfurt,Indiana,52545,-3.164531,89.043993
Alexandra White,43,9461 Andersen Valley,Lake Johnton,Florida,94897,-105.691009,81.188831
Michael Mckinney,38,8168 Cantu Brook Suite 920,North Cristian,New Mexico,69526,-65.035562,-29.575618
Dr. Katherine Johnson,35,0842 Thomas Pike,Wilsonside,Texas,39326,102.051169,-58.006681
Troy Browning,53,5010 Rebecca Mountain,North Andrewshire,Tennessee,32801,-99.876632,77.543665
John Bailey,19,999 Tina Pine Suite 930,Denisebury,New York,22387,65.970956,53.2704955
Kristen Parks,25,4414 Diane Fork Suite 762,Kirkbury,New Hampshire,19686,-23.034695,53.696369
Mr. Steven Perry,69,571 Richard Rest,Mclaughlinberg,Arkansas,20837,-141.414588,-23.5524655
Rachel Buck,45,424 Lawrence Crossing Apt. 306,South Jessicashire,Arkansas,73930,139.352155,-15.430329
Christopher Tanner,78,15347 Crystal Passage Apt. 671,Christopherview,Alaska,72339,6.740401,51.6519915
Gary Rivas,67,0244 John Terrace Apt. 784,Stephenchester,West Virginia,14838,19.842058,42.347366
Chad Higgins,56,25738 Castro Ridge Apt. 927,Juanstad,Oregon,86600,97.601037,46.891716
Judith Foley,45,5736 Mitchell Ports,Stevenborough,Alaska,82151,140.599728,-27.701790
Christine Branch,75,342 Miller Trail Suite 001,Robinsonstad,North Carolina,35847,-52.698456,-33.8164565
Vicki Holmes,59,61594 Collins Row,Port Micheal,Washington,88330,-162.916915,86.244230
Nicole Miranda,27,77672 Wagner Expressway Apt. 499,Finleymouth,Montana,40184,8.418718,35.901183
Michael Jenkins,49,7538 Bryant Dam Suite 018,North Thomastown,Alaska,66988,-25.627527,61.0817285
Hunter Francis,46,71813 Costa Crest Suite 251,East Scott,Wyoming,56193,-140.057926,49.7084425
Eric Smith,43,688 Harper Ports,Sancheztown,Ohio,78803,132.960585,-73.071793
Gerald Martinez,59,357 Ethan Lights,Hansonmouth,New Jersey,04666,141.962057,-57.3271735
Jessica Ray,30,3135 Cynthia Walk,Wiseside,Colorado,73454,-6.290578,55.619669
Kylie Freeman,25,344 Hoffman Village,Lake Kristi,Nevada,78867,45.259572,-0.2837185
David Reid,26,62056 Michael Stream,Lake Thomasbury,Georgia,77464,-139.907813,8.270151
Mary Harris,79,5687 Willis River Suite 252,Farmerville,New York,59812,-19.333381,14.5866145
Katrina Johnson,44,560 Dylan Place,Mariaport,Colorado,67995,2.259975,22.8314345
Frank Oliver,68,933 William Pine Apt. 445,Martinside,Pennsylvania,18583,21.540624,75.116664
Parker Turner,22,354 Moon Wall Apt. 739,Kendrahaven,Georgia,80145,148.146724,-48.5520565
Kyle Davis,63,0458 Greg Roads Suite 989,Dennisberg,Idaho,28768,127.352697,-25.338419
Angela Salazar,63,54042 Alvarez Pines,Sanchezview,Maryland,80621,-51.174705,40.3198095
Jonathan Lee,57,71870 Thompson Crossroad,Farmerfort,Michigan,45829,139.539700,-24.3424225
Jack Taylor,64,31893 Green Field Apt. 007,Georgeborough,New York,34522,-41.759302,23.572020
Jennifer Miller,40,86863 Deborah Inlet,New Tina,Kentucky,09132,120.733231,65.1047585
William Sanchez,67,105 Damon Burg Suite 506,North Jamesmouth,Maine,17489,-137.339915,52.8059935
Jennifer Clarke,38,2851 Goodman Field,East Hannah,Georgia,60581,3.301779,-55.0338425
Peter Morales,53,5861 Davidson Glens Suite 560,Lucasfurt,New Jersey,10307,53.052171,82.7204975
Julie Smith,36,4305 Lee Parkway,New Michaelport,Kentucky,54583,43.843924,26.6038465
Jennifer Parker,76,5765 Mark Forges Apt. 310,Matthewfort,Colorado,77862,-22.782057,-31.1366355
Hector Andrews,60,82531 Jones Radial Suite 992,South Cynthiafurt,West Virginia,36138,142.883874,-27.522998
Jacob Rodriguez,67,25079 Houston Ford Apt. 067,West Michael,Rhode Island,28932,-80.533312,-43.5692135
Kayla Bradley,77,8673 Smith Well Suite 828,Andrewchester,Illinois,90244,-13.670091,-47.908090
Steven Gardner,29,5037 Heather Ridges Suite 838,Williamston,New York,14458,12.145598,10.9593365
Raven Roberson,26,31747 Williams Corners,Martinstad,Kentucky,36164,105.488096,13.8293545
Morgan Suarez,42,565 Scott Walks,Adkinsbury,New Hampshire,95502,-69.730066,-68.342475
Cathy Serrano,26,779 Golden Heights,South Stephenfurt,Alabama,17707,-123.659024,25.676173
Steve Williams,53,8706 Alexandra Shore Apt. 859,Tylerville,New Hampshire,02388,151.953106,81.6602765
Jerry Taylor,60,55175 Scott Summit,East Melissa,California,13795,-159.090954,-75.293328
Taylor Roman,77,05280 Breanna Parkway Apt. 860,Jamesport,Pennsylvania,54438,156.020060,19.4934415
Michael Gutierrez,76,08752 Julie Meadow,West Deborahbury,Illinois,88401,-128.508272,-31.1746415
Kristina Bonilla,69,08651 Samuel Well,Schroederfort,Georgia,56458,-132.138577,-80.847461
Julie Green,73,863 Shane Greens Apt. 743,West Kelly,Illinois,01306,1.242447,62.1234055
Chad Wilson,25,84686 Matthew Plaza,North Michaeltown,Rhode Island,31160,133.289856,21.6003535
Melissa Russell,54,5059 Duke Harbor Apt. 868,Colemouth,Ohio,30975,22.371534,78.146333
Belinda Lee,30,17396 Jorge Squares,North Steven,Utah,12076,-5.192346,-45.8034705
Robert Adams,67,5973 Quinn Path,South Ashlee,Wyoming,12375,-80.627401,54.6467355
Jennifer Walton,27,5772 Kyle Spurs Apt. 912,Lisastad,North Carolina,65694,-93.562835,19.6846645
Steven Salas,58,89752 Frank Lodge Apt. 925,South Michelle,Indiana,24800,92.823710,-75.071167
Destiny Stone,27,8650 Gray Forge,Patrickchester,South Carolina,64676,145.264370,-70.683458
Steven Wilson,58,7742 Chaney Run,Martinland,West Virginia,98294,126.343537,41.2935335
Michael Rosales,18,924 Ruiz Vista Suite 689,North Ryan,New York,31087,-67.870636,38.514959
Patricia Li,57,2236 John Drive,Juliaburgh,South Carolina,58284,-2.686731,38.0376175
Charles Johnson,50,72115 Gentry Park,New Sara,Alaska,50751,144.711885,36.4811015
James Howard,74,88795 Samantha Mission,New Kristopher,Arkansas,16758,99.605344,-35.1117655
Beth Bowers,79,2627 Meyer Knoll Apt. 834,Lake James,Delaware,20986,73.280556,-34.448389
Tristan Webb,63,85276 Eddie Roads Suite 745,Matthewfort,New Hampshire,43997,-24.546725,-75.6649805
Jackson Koch,47,048 Kathleen Motorway Suite 467,Susanbury,North Dakota,35411,-125.655700,89.581746
Katrina Smith,35,8884 Wilkerson Hills Apt. 933,Jamesbury,New York,00774,75.103613,-16.314943
Christopher Kaufman,47,6647 Erin Trail Apt. 672,Westland,Tennessee,71233,113.852972,79.569958
Heidi Peterson,55,3719 Brian Point,New Diana,Georgia,69570,64.337056,59.8662235
Cody Clayton,22,6608 Perez Course,Laurabury,New York,84318,-109.084930,-4.676795
Amber Delgado,44,4912 Shelton Unions Apt. 781,North Bobbyport,Colorado,67039,162.580692,-3.589489
Ryan Morrison,60,2351 Lisa Walk,Martinezmouth,Rhode Island,76364,-33.229502,88.0202665
Richard Nash,53,707 Mccormick Park,Simmonsland,Missouri,29146,-75.326527,-50.734303
Mary Hawkins,72,70602 Peters Estate,South Jeffery,Arkansas,15339,-165.303339,-2.2134005
Chad Boyd,30,29470 Elizabeth Square Suite 989,Port Angie,Utah,85184,100.619399,-25.5102195
Katherine Schneider,64,0166 Simon Islands Apt. 762,New Kathleen,Nebraska,33812,-111.211926,-63.9888545
Joshua Smith,54,183 Derrick Ranch Suite 443,Sarahside,New Hampshire,07324,-19.621155,57.778522
Veronica Lee,32,6129 Anthony Tunnel,West Adamfurt,Alaska,47525,13.902781,-71.738341
Denise Flores,70,01894 Norton Tunnel,Bonnieburgh,Delaware,80003,177.158268,53.1032655
Natalie Jones,69,57719 Smith Shores Apt. 430,Jimmyland,Vermont,75751,98.480244,52.044561
William Greene,46,81684 Hood Curve Apt. 206,Stephenport,Arizona,49972,-135.548348,-60.5496515
Stephanie Hogan,77,8657 Berry Creek Apt. 265,West Debra,New Jersey,68231,51.655639,67.432097
Cheryl Jones,51,080 Kelli Greens,Fernandotown,Arizona,78687,-43.030433,43.007435
Charles Sanchez,18,39488 Potter Oval,Autumnbury,Indiana,50944,138.125299,-49.5279235
Scott Bean,38,55719 Daniel Square,Robinsonburgh,Oregon,41457,133.926839,-9.296833
Frank Fleming,74,893 Pearson Walks,North Austinburgh,Minnesota,95212,25.580032,39.396809
Chris Flores,41,2113 Martinez Isle Suite 936,New Paulstad,Iowa,87063,-27.840063,-24.7147695
Eric Church,34,111 Moran Bridge,North Joshua,Illinois,32855,-108.967402,-39.744175
Steven Obrien,30,5262 Lance Key Apt. 909,Kaylastad,Georgia,41334,92.368937,29.497817
Matthew Young,31,26075 Julie Via Suite 264,New Glenda,Tennessee,44442,145.231806,-50.932117
Danielle Williams,19,6104 Gonzalez View,Sherylland,Massachusetts,92817,-163.028902,2.0733015
Roy Nelson,26,1275 Lorraine Place Suite 528,New Jimmy,South Dakota,09903,-149.667398,55.640646
Marie Mccall,21,245 Smith Motorway,Lisashire,Utah,60242,-2.184626,79.405690
Larry Holloway,72,769 Eric Knoll Apt. 353,Morrisview,Colorado,80819,-85.919025,81.8603875
Brian Richardson,60,87206 Lamb Forest,East Robin,Nebraska,32269,61.929541,37.7710405
Adrienne Kaiser,75,346 Sue Stravenue,West Brianport,Alabama,30383,13.707452,-86.779489
Joseph Greer,35,5137 Taylor Viaduct Suite 433,Leechester,Pennsylvania,75153,-70.964921,3.7664355
Douglas Wright,31,9052 Donna Cape,Robertmouth,Oklahoma,06139,-120.023153,18.309471
Lawrence Gonzalez,45,505 Tyler Spring,Ballardmouth,Mississippi,79957,28.008339,23.293034
Matthew Nelson,61,56165 Cowan Curve Suite 520,Melaniefort,Wisconsin,81018,-144.268999,-88.0398285
Jennifer Mcgrath,18,5806 Madison Inlet Apt. 648,Martinezmouth,Georgia,42747,-4.533624,14.8497745
William Grant DDS,21,84941 Kimberly Street Suite 307,Woodside,West Virginia,88736,58.965746,9.1048275
Dr. Daniel Lin DDS,33,160 Andrew Key,Dayside,Oregon,39620,-149.684671,57.3891735
Brian Kelly,27,24950 Justin Gardens,West Troy,Utah,64016,-171.257887,80.4641795
Scott Holt,34,8642 Monica Glen Suite 531,Alvarezmouth,Virginia,19798,-132.043497,-79.503180
Rebecca Porter,58,1085 Morse Lights Apt. 153,New Amyview,Illinois,23900,-31.010513,-14.0243265
Parker Werner,54,91499 Joyce Locks Apt. 549,Jacksonhaven,Tennessee,34916,8.036418,76.742248
Deborah Chavez,40,0690 Steven Lakes Suite 769,Longfort,Oklahoma,93600,162.542147,-14.918653
Wendy Wilson,56,91999 Schroeder Ville,Port Jordanfurt,Arkansas,10192,-42.969463,87.817284
Johnathan Williams,48,50549 Jennifer Mountains Apt. 465,South Dawn,Missouri,71880,-27.578092,31.307327
Mark Rice,48,7244 Delacruz Street,Thomasbury,New Mexico,78815,42.233897,60.8859075
Dennis Davidson,73,2174 Gary Drive,North Leah,Mississippi,54918,-143.544077,83.7187315
Jacob Williams,29,9026 Hines Fords,West Amanda,West Virginia,16034,-44.935912,-30.6570275
Kimberly Gonzales,18,70326 Rojas Inlet,West Jeremyhaven,Montana,40257,72.604889,66.285147
William Elliott,62,6541 Mckenzie Heights Suite 750,West Meganville,Pennsylvania,51802,-96.292395,-59.4425225
Donald Graham,36,96978 Adkins Greens,Joshuaton,Georgia,42250,-174.262515,10.563329
Matthew Garcia,78,1905 Brittany Isle,East Kellitown,Massachusetts,71487,177.857769,83.2232325
Teresa Mcdaniel,25,16241 Curtis Ferry Suite 485,Hopkinsbury,Kansas,96646,-107.200302,-88.3111225
Daniel Parks,51,005 Carlson Estate Suite 047,West Gabrielle,Nevada,66564,95.953355,14.5802915
Valerie Clark,46,5294 Ryan Unions Suite 559,Joanneville,Ohio,78674,-9.059855,-30.650278
Robert Palmer,58,418 Matthew Station,South Derek,Idaho,77957,-29.778266,-31.733124
Shannon Jackson,66,428 Amanda Terrace,East Susan,Louisiana,03183,-51.315754,10.072114
Justin Werner,72,9213 Flores Radial Apt. 853,South Thomas,Wisconsin,20500,-6.688008,31.3826835
Mason Solomon,50,999 Johnson Plains,Charlesstad,Montana,25063,-45.443793,47.041853
Sharon Howard,22,100 Coleman Springs,West Robertfurt,Nebraska,72145,108.597113,41.439484
Amy Griffin,65,7013 Nathaniel Gateway,South Mark,Arkansas,13512,150.352527,-85.582812
Tyler Padilla,58,64379 Emily Road,Lake Abigail,Minnesota,30065,-154.130057,60.814814
Julie Evans,55,85687 Francisco Meadows Suite 546,Sarahbury,Maine,67771,-72.128495,-23.7056675
Rebecca Allen,31,2501 Danny Crescent,West Leah,Florida,41024,-67.244992,49.662602
Robert Smith,32,30434 Cruz Corners Apt. 035,Gentrytown,Alaska,44129,-116.041636,39.221695
Lori Bray,69,1765 Andrew Port,Johnland,Arizona,56748,-97.753184,-21.9773745
Stephen Diaz,55,1115 Davis Prairie,Lake Michael,Arkansas,34620,-38.578536,-37.917117
Christina Vaughan,68,8378 Elizabeth Pine Apt. 293,Sandrachester,Minnesota,69564,-80.543588,-20.317792
Jennifer Davenport,57,37569 Victoria Plains,Jeffmouth,Alaska,06149,-175.704773,-53.9355175
Kristi Craig,69,77621 Wong Landing,Carrollburgh,Maryland,74307,64.335640,51.686902
Rachel Chen,59,429 Gray Trafficway,Brandonburgh,South Carolina,89521,138.415134,87.335483
Rachel Martinez,33,689 David Manor,Morrisfort,Maine,51217,2.588081,62.0384305
Anthony Jennings,64,2206 Williams Ridges Apt. 111,North Lisa,Illinois,24644,-157.285039,-4.8992235
Steven Brown,28,8112 Hunter Ports Apt. 681,Allenhaven,Michigan,61834,134.666855,28.331866
Kimberly Hammond,41,77744 Larson Manor Apt. 855,Port James,North Carolina,01688,142.623401,34.1905485
Melissa Webb,25,378 Mercer Junction,Robinsonton,Michigan,16978,88.060321,-28.8841015
Michael White,66,9032 Morris Plain,Lake Rickyhaven,Florida,63346,90.087177,-0.473003
Jeffrey Conner,49,273 Kevin Lodge,Port Matthew,Utah,02307,-69.415702,58.577457
Sara Carlson,56,274 John Rue Apt. 856,Cynthialand,North Dakota,26279,-70.842836,25.8883125
Jessica Huff,50,7597 Morgan Crossing Apt. 356,New Emily,Minnesota,56379,55.060771,38.694365
Shannon French MD,78,111 Parsons Path,New Annaside,West Virginia,22375,156.193218,46.6557365
Karen Edwards,33,3164 Brittany Loaf Apt. 099,Jeromeview,Maryland,57061,139.642778,-7.410483
Tony Wallace,44,1269 Harris Plain Apt. 438,West Vicki,Oklahoma,29439,18.019122,29.205919
Krista Rice DVM,51,028 Michele Trafficway,West Katherineport,West Virginia,89813,73.074208,-81.733902
Haley Rios,55,350 Cummings Track Apt. 835,Lake Benjamin,Delaware,32182,-105.800951,-33.114386
Christian Anderson,62,027 Parrish Flats Apt. 149,Patelmouth,Montana,33346,-39.871234,41.9559765
Cynthia Jacobson,59,717 Haynes Gateway,Angelamouth,Hawaii,35589,50.594335,2.4289235
Jessica Johnson,25,70925 Juarez Gateway Apt. 996,South Benjaminberg,Oklahoma,45486,8.341379,-48.1681475
Michael Harding,79,95795 Mendez Shoal Apt. 692,Lake Bethanymouth,Nebraska,20258,-29.161371,74.842556
Johnny Nelson,60,094 Ho Throughway Suite 740,Kendramouth,Florida,89930,-105.614818,-24.2542945
Judith Carter,36,205 Emily Mills,East Jeremytown,Louisiana,69626,131.676663,71.9209655
Melinda Duarte,33,2433 Short Green Apt. 188,Richardsonmouth,Florida,94628,67.937829,42.6900145
Tracy Gutierrez,64,93756 Wilson Port,New Alice,Louisiana,98566,64.768627,-48.433277
Hector Young,31,9115 Williams Estates,Port Bethmouth,Georgia,17371,149.346719,-11.316556
Joseph Gibbs,41,37842 Anna Inlet,Harrisland,Utah,25026,167.081999,-38.324226
Malik Velasquez,56,47048 Cantrell Place,Turnerhaven,Missouri,44879,-85.276743,-33.0908625
Adrian Berry,80,39291 Giles Junction,Jennifermouth,Rhode Island,06729,-150.236584,60.7500155
Vanessa Hill,40,51768 Jared Common,South Jeffrey,South Dakota,52220,-137.881817,-28.3372575
Erin Moreno,68,810 Norton Mountains Apt. 013,Sarahbury,Kentucky,68331,22.892213,45.274734
William Moore,66,1893 Whitney Ports Suite 821,South Robertshire,Florida,01529,-20.699128,17.514304
Scott Castro,41,9475 Moore Circle,Port Sandy,Alaska,95384,151.499782,-80.3902995
Mrs. Maria Thomas,64,60374 Parker Vista Suite 215,East Andrea,New Mexico,89334,177.158431,-33.123509
Lauren Cole,22,000 Lee Points,Andersonbury,Ohio,04443,91.849079,-0.6530915
Jeffrey Harris,43,753 Tracy Key Apt. 366,North Steven,Florida,44031,-166.927282,2.3600395
Michele Carlson,63,568 Hayes Place Suite 585,Lefurt,New Hampshire,40276,114.329663,-35.9314495
Brandon Jones,43,26912 Nancy Flats Apt. 685,West Maryton,Wisconsin,90979,-147.022643,76.3834155
Victoria Carlson,26,665 Watkins Centers,Tinachester,Idaho,43442,-39.325202,59.7077585
Peter Fernandez,64,345 Gomez Mount,Garyfurt,California,17507,48.664842,-47.8580655
Angela Greene,54,2072 Winters Extensions,Torresview,Alaska,29905,-106.899615,78.402916
Michael Jackson,32,547 Troy Spring,Changfurt,Georgia,96795,-8.868072,-71.689089
Austin Miller,22,56149 Katie Junction Apt. 451,Porterland,New York,05630,-33.129990,55.268615
Sarah Diaz,41,82999 Brittany Mews,New Tiffanyburgh,Virginia,83888,-119.436081,45.8133615
Jeffery Duran,36,2191 Gina Cove,Port Virginiaborough,Texas,23102,-135.639239,-83.104993
Brooke Ritter,50,626 Hernandez Stream,Ivanmouth,Missouri,07274,151.989936,55.148001
Elizabeth Cruz,71,90944 Kevin Forges,Joshuahaven,New Jersey,86667,29.551490,-87.016821
Amber Harrington,71,0549 Colin Oval,Suttonmouth,New Hampshire,72042,125.144411,27.6359465
Rachel Schultz,32,282 Tyler Ferry,Livingstonburgh,Wisconsin,03590,-136.599364,50.5155665
Kenneth Fleming,56,04247 Reyes Rapid,Port Ashleystad,Washington,23855,84.009708,-60.3762125
James Alvarado,49,633 Lee Center,East Jake,Michigan,38997,-63.671779,-42.378663
Nathaniel Travis,41,3481 Danielle Heights,Lake Edwardfort,New Mexico,80019,149.656155,-8.8116175
Teresa Luna,31,60294 Hill Forges Suite 442,Sandovaltown,Connecticut,81081,166.299247,80.3529085
Jeffery Matthews,62,3749 James Field Apt. 656,North Nathan,Illinois,43704,161.238650,-39.268948
Jeffrey Taylor,27,542 Laurie Unions Apt. 518,Port Dillon,Virginia,80674,18.253456,-60.2338525
Tammy Garcia,24,7731 Richard Plain,South Kenneth,Maine,18233,151.037725,-54.707843
Nancy Mills,64,57009 Robert Knoll,Amberland,Alaska,74432,148.172427,20.6736415
Brandon Mcmahon,40,812 Ronald Walks,West Stephanieshire,New Jersey,05267,101.833245,-33.8384765
Ronald Morris,59,50119 Timothy Square Apt. 379,Eddiemouth,New York,69840,-34.310101,21.075230
David Arroyo,35,885 Calderon Coves Apt. 614,Meaganville,Delaware,02671,-103.673295,16.3063455
Joshua Nguyen,19,04676 Miller Field,Shawnport,New York,65758,-28.093477,35.3538885
Kelly Vazquez,35,29402 Sharon Shore,East David,Utah,63819,179.170931,72.5889825
Steven Dunn,58,597 Gregory Pike,Lake Joanmouth,Alaska,08619,164.768677,66.5490795
Keith Molina,58,5503 Jackson Run,Danieltown,Pennsylvania,08016,162.166836,35.079062
Amy Vazquez,35,15223 Smith Green Apt. 517,East Williamhaven,West Virginia,46162,102.358970,68.140694
Christina Lamb,44,990 Shawn Summit Apt. 279,Port Robert,Minnesota,52083,58.910788,-1.7817995
Crystal Mathews,66,8123 Crawford Station,New Gabriella,North Dakota,54670,119.028217,-21.3165595
Gene Solis,23,0602 Leslie Curve,Andrewton,Indiana,37185,155.155450,-33.8138705
Richard Johnson,76,7912 Wood Club,South Jennaburgh,New York,46092,-50.426923,67.977269
Brianna Moody,61,312 Suzanne Drive,Lake Richardbury,Alaska,89473,-89.895977,43.5691145
Harold Mason,77,9472 Andrew Loaf Apt. 401,Michelleport,Nevada,63007,-100.127423,-39.7109905
Christopher Andrews,20,172 Anna Squares,North Matthewberg,Wyoming,16188,-12.092124,32.319692
Joseph Willis,20,03443 Molina Glen Suite 426,Port Tracyborough,Maryland,51705,-36.701706,-2.9758155
Kendra Brown,21,96817 John Locks,New Keithberg,Alaska,80545,35.472776,12.4339645
David Guzman,66,0443 Timothy Mission Apt. 098,North Anna,Oklahoma,18091,91.425764,73.752203
Sarah Hernandez,72,09728 Holly Meadows,Deborahshire,Michigan,60863,-151.642383,-20.1336395
Kevin Rogers,61,54215 Skinner Glen Suite 734,Mitchellville,Kansas,35406,-34.752296,-18.1591175
Caitlyn Allen,76,4440 Betty Island Apt. 625,North Scott,Idaho,15975,72.546424,39.8265765
William Wagner,31,9698 Richard Springs Apt. 452,Scottville,Colorado,76755,-160.036853,8.816332
Manuel Carlson,51,9624 Hanson Stream,West Paulport,Connecticut,09320,-57.370846,-19.1103485
Corey Martin,20,3175 Karen Highway,New Ericborough,North Carolina,37255,87.188016,-59.9609425
John Reid,27,967 David Street Apt. 439,Ravenview,New York,82512,60.911094,52.632451
Daniel Garcia,35,9342 Hicks Cove Apt. 128,Lake Christianfurt,Maine,27774,-22.524478,-61.399764
Kaitlin Frazier,28,6680 James Viaduct Apt. 758,East Darren,Utah,20593,31.376827,49.0865735
Dr. Amy Maldonado,48,78687 Adam Brooks,Brennanville,Vermont,98940,-28.712611,-19.716054
Terry Diaz DVM,28,4515 Roberta Grove Apt. 155,Tuckerton,Colorado,86677,-35.547116,72.326971
Nicholas Burton,54,88197 Christine Trace,Rogersborough,California,28282,71.455392,89.723949
Regina Heath,18,005 Jennifer Mountain,Williamstown,Kansas,18730,-42.635960,-58.6837865
Dawn Webb,26,22266 Cooke Mission Suite 538,South Brandytown,Ohio,36838,-94.733049,-46.694071
Adam Garza,66,344 Harris Inlet Apt. 433,Matthewstad,Arkansas,42847,118.579912,-86.1288285
Breanna Perry MD,36,2206 Nancy Hills,Port Kim,South Dakota,85539,-156.629762,-20.393719
Jason Reynolds,18,32121 Conner Harbors,Lake Patrick,Oregon,36138,50.994933,22.211600
Mary Terrell,59,478 Kathryn Valley,New Carol,Ohio,65830,-113.817015,21.1130395
Anthony Nguyen,37,7897 Wendy Radial Apt. 149,North Austin,Pennsylvania,65814,94.748908,25.695788
Desiree Owens,51,6626 Joshua Flat Suite 914,Charlesstad,Rhode Island,01026,-65.563211,-75.258764
Jacob Nguyen,55,005 Donald Hollow,Lake Johnton,Tennessee,52990,-82.488072,-28.7373525
Jonathan Russell,72,1209 Frazier Streets,West Bethshire,California,57613,87.422868,-80.418817
Jeffrey Chavez,28,4388 Payne Corners,North Tina,Colorado,18046,-70.202568,7.8604375
Sarah Berry,36,706 Williams Ports Suite 269,Lake Melissa,Wyoming,75703,-58.237084,33.527668
Paul Torres,61,129 Austin Causeway Suite 687,Boonebury,New Jersey,28216,85.608876,-58.460492
Lori Turner,28,051 Sarah Cape,East Michael,California,70507,-94.597817,-30.782026
Jimmy Neal,50,41174 Albert Inlet,Lopezshire,Hawaii,23407,152.187030,-36.826454
Katherine Jordan,66,006 David Pines,West Jason,Arizona,99558,-113.936761,84.9143455
Kimberly Wilson,58,5570 Pham Dale,Matthewton,Maine,39035,179.117193,-84.851843
Paul Craig,27,95342 Robert Springs,Port Kyle,Massachusetts,34892,-8.832808,83.620963
Jose Sherman,73,3579 Joseph Tunnel Apt. 877,South Tiffany,Indiana,96490,131.259168,36.2466135
Carrie Porter,47,996 Carroll Avenue Apt. 681,Coleshire,Virginia,76860,179.435111,18.853968
Terri Bailey,61,720 Hale Parkways,Mcdonaldchester,Nebraska,40855,92.224926,-48.860399
Jessica Pennington,76,8518 Todd Court,Brittanychester,New York,64738,-47.015449,-11.8776155
Ronald Mullins,26,357 Jimenez Stream,Lake Josephton,Vermont,24973,-83.262818,-68.351633
Michael Huynh,54,8791 Hayes Unions Apt. 023,North Breannafurt,Michigan,63506,68.807163,-35.003566
Ruben Smith,19,37382 Gonzalez Bypass Suite 845,West Michael,Nevada,27859,-38.681428,-7.031614
Arthur Morton,67,31243 Jason Cliffs,Blackshire,Montana,04497,155.521172,-6.5117085
Beth Parker,21,221 Stephanie Courts Apt. 443,South Haley,Texas,09095,-67.340792,-2.0114415
Sandra Sullivan,20,02252 Wise Parkways,Lake Travisfort,Alabama,08264,-84.419653,-50.0648245
Michael Chavez,28,028 Ross Springs Apt. 268,Port Mark,Colorado,89574,136.303393,-22.0137785
Michele Schwartz,76,5800 Harrison Mission,Loganmouth,Indiana,72504,-92.905475,39.931022
Rhonda Hill,46,3583 Hernandez Court,North Emilyville,Wyoming,91147,-118.333471,-80.3615015
William Chandler,48,39518 Sheena Station,New Brandon,Connecticut,58546,-50.182585,23.9408045
Melissa Jones,48,52756 Kathryn Shores,North Kellystad,New York,50440,-21.084523,-41.2410245
Billy Nelson,45,835 King Ford,North Emily,Florida,97974,-72.086264,83.2912995
Abigail Johnson,48,82262 John Ways,West Coreyview,Oklahoma,75988,160.366242,-8.086678
Christopher Conway,69,8296 Phillip Trail Suite 671,Port Seanborough,Delaware,89948,-141.816044,22.4235355
Joshua Wade,57,05224 Jonathan Green Apt. 834,South Shelly,Minnesota,38949,-26.210846,53.1747775
Jeff Reeves,23,766 David Knoll Suite 672,Stevenview,Mississippi,09993,-84.816098,6.167631
Jennifer Myers,73,215 Townsend Rapids,North Tanyaberg,Virginia,97235,-144.969214,25.1271615
Edward Patterson,74,7813 Larson Turnpike,Angelaville,West Virginia,29144,46.265747,-74.2348805
Craig Johnson,73,796 Jennifer Port,Port Alejandro,West Virginia,92566,-178.624267,-10.784846
Daniel Romero,32,95703 Crosby Place Apt. 429,Leeberg,Hawaii,83307,85.366418,30.0779405
Angela Jennings,51,60886 Ryan Stravenue Apt. 944,Sherrybury,Rhode Island,72052,-38.095425,4.0644565
Sheila Wallace,54,665 Rodriguez Heights Apt. 273,North Jennifermouth,Arizona,91753,-123.187391,82.0809645
Matthew Adams,50,418 Julie Street,Whitetown,Pennsylvania,03675,96.099175,31.4289855
Brett Ward,67,949 Shaun Freeway,Deantown,Virginia,32343,144.048953,18.5152525
Wendy Schultz,38,5764 Ellis Mountain,Thompsonburgh,South Dakota,13691,-148.687133,-85.3761525
Autumn Lopez,66,399 Raymond Roads,New Barbara,New Hampshire,34305,49.638016,-57.318530
Janice Flynn,26,1732 Ray Village Suite 959,Vazquezstad,New York,85205,-29.677237,-38.5726735
Aaron Myers,74,0497 Jones Throughway Apt. 904,Hughestown,Pennsylvania,57357,41.814114,6.8870715
Justin Lopez,55,4197 Guerra Extensions Suite 017,Hugheshaven,Hawaii,07401,123.467360,-73.908007
Jasmine Robinson,48,155 Walsh Burg Suite 467,Caseystad,Florida,28679,-64.756797,-27.457339
Alec White,27,133 Jessica Fall Suite 018,East Daniel,Pennsylvania,04438,24.594131,57.1774965
Amanda Wallace,52,613 Anthony Forks Apt. 073,Williamsmouth,Louisiana,70249,89.584422,-18.6594035
Jennifer Sullivan,48,3654 Jordan Square Apt. 034,Knighthaven,Nevada,12482,-106.636350,-47.2716575
Danny Anderson,32,34258 Julie Lodge Suite 998,New Josephfort,Missouri,75988,-178.003043,-12.785470
Heather Booth,67,5509 Ashley View Apt. 064,Jacksonstad,Virginia,27150,-164.645756,-21.517843
Dr. Samantha Walsh MD,46,942 Roberts Freeway Suite 522,West Christyborough,Idaho,32344,165.599633,72.958764
Melanie Stone,48,88227 Samuel Forest,North Ricky,Idaho,53160,-174.064683,30.492700
Catherine Miller,40,49187 Anita Brook,Port Danabury,New York,36269,-16.842385,-6.6349925
Maria Smith,66,82287 Perry Lakes,Allenmouth,Georgia,75002,127.796332,27.2455455
Jonathan Mcgee,54,05881 Kyle Creek,Deckerburgh,Maryland,68459,-131.845895,-11.0313475
Daniel Colon,53,649 Garner Drive Apt. 894,North Tonyafurt,Alaska,73292,-26.637595,-29.321725
Charles Petersen,70,7805 Shaw Roads,Crystalbury,Arkansas,46588,146.828401,-49.369481
Linda Whitehead,67,125 Danielle Plaza,Ralphfurt,Indiana,44417,132.421693,-60.141317
Charlotte Anderson,32,660 Christopher Drive Suite 030,Port Vanessamouth,Louisiana,73818,103.965328,67.652679
Anthony Martinez,66,6860 Adams Coves,Butlerton,Nebraska,06362,-78.150960,-65.8997375
John Sullivan,35,6975 Robles Fields Apt. 004,East Michaelshire,Wisconsin,52738,-96.687079,-27.2211435
Johnathan Francis,75,3966 Hopkins Radial Apt. 501,East Anthonybury,Missouri,16627,46.575743,1.4640815
William Ramirez,30,74547 Kelly Stravenue,Janetton,Arizona,33380,-155.765573,-62.9860245
Harold Cannon,37,6020 Nina Place Suite 857,East Xavierchester,Montana,90428,-65.953874,-86.124910
Dwayne Mann,22,749 Williams Ferry Apt. 916,New Tyler,Delaware,54352,113.373130,7.9606485
Ryan Stone,74,381 Jacob Skyway,Murphybury,South Carolina,95761,157.231363,7.8732955
Sarah Davis,33,5472 Guerrero Landing Apt. 331,West Davidmouth,New Hampshire,65241,50.224340,-44.8214665
Javier Hendricks,59,67592 Brian Knolls Suite 083,Makaylaside,West Virginia,50032,89.635370,-82.3921725
Adam Fuller,34,83027 Garcia Estate,Port Williammouth,Utah,58208,-7.181311,-59.0248975
Nancy Davila,30,4434 Michael Dale,East Mary,Arizona,74267,-8.727478,56.570683
Cindy Giles,59,3803 Wesley Points Suite 160,Port Jeffrey,Tennessee,07337,5.904759,-68.4065705
Jennifer Powell,47,87500 Freeman Divide Apt. 053,Farrellburgh,Wyoming,77201,-18.275432,-54.5904825
Paula Gonzalez,30,7458 Christina Path,Stoneton,Connecticut,88098,-157.280061,84.1175415
Elizabeth Turner MD,32,1927 Vanessa Brook Apt. 588,Callahanshire,Massachusetts,14893,-113.610053,22.952563
Barbara Mayo,68,738 Smith Mews Apt. 388,Jamesburgh,Oregon,11716,-149.259991,-20.256817
Jason Howard,24,99406 Gomez Throughway,Ellisshire,Delaware,47135,-104.061774,6.1784805
Angel Kane,21,90722 Davis Mountain,North Jamie,Ohio,85281,-103.905094,-64.7554035
Leslie Martin DVM,69,4797 Graham Pass Suite 745,East Lee,Missouri,57200,-141.954108,80.756487
Tina Andrade,33,996 Stacy Summit,Walkerstad,Maryland,59687,134.546261,57.916409
Pamela Carlson,65,3099 Austin Terrace,Loriport,Tennessee,27895,-61.770941,-89.6508945
Tracey Griffith,66,6343 Sanchez Valleys Suite 219,Port Johnnyview,Maryland,87883,110.866805,72.2047185
Jordan Fernandez,39,99200 Wendy Wells,East Michaelfort,Utah,03069,-159.812234,17.666036
Shawn Casey,30,269 Gary Plain Apt. 424,West Johnport,New Jersey,31808,-136.572768,-4.594963
Tiffany Torres,37,66994 Smith Circles Apt. 696,East Jacob,Indiana,75299,149.027717,-88.964918
Ryan Cook,20,9799 Angela River,East Richardborough,Kansas,63461,27.703884,-21.712385
Charles Chambers,46,64486 Angelica Stravenue Suite 257,Wandaside,Montana,81590,-117.831090,-10.865033
Joshua Pitts,34,071 Sullivan Coves,Nelsonhaven,Massachusetts,95384,88.942694,-44.847357
Austin Carter,47,5505 Watson Field,Brownside,Florida,94790,167.367593,50.0551875
Stephanie Torres,35,1640 Katherine Club Suite 339,North Cynthiatown,New York,07956,-151.699556,88.157638
Eileen Cummings,42,633 Schmidt Square Apt. 541,Monicaton,Arizona,85974,-16.738435,23.5100905
Anne Hayes,66,018 David Isle,West Gregoryshire,North Carolina,84473,37.961488,77.668325
Casey Brown,68,37975 Richardson Prairie,New Johnny,Mississippi,14790,-165.079816,41.473962
Scott Hall,76,281 Amanda Street Suite 352,Jeffreymouth,Washington,11435,-122.270099,38.493187
Sally Mcconnell,38,44393 Coleman Brook Suite 899,Brianburgh,New Hampshire,53829,61.699363,72.0499845
Brenda Johnson,54,49884 James Turnpike,Michaelville,Montana,83744,118.366811,27.9227505
Travis Morales,75,11465 Contreras Wells,Wilsonburgh,Wyoming,29131,99.916093,50.384590
Emily English,20,1777 Allen Fields,New Stevenburgh,Mississippi,18930,34.264776,-54.139297
Nicholas Morris,69,269 Katherine Haven Apt. 549,East Michael,Vermont,05362,-94.298404,-32.254929
Robert Cooper,37,3094 Raymond Court,Port Henryside,Texas,02208,138.055291,-54.1406105
Christy Bruce,40,4936 Maxwell Stravenue,East Tracymouth,Vermont,42244,68.671033,-62.0834835
Deanna Wagner,23,3693 Michael Ferry Suite 880,North Ryanmouth,South Dakota,14997,-162.935528,0.642754
Jennifer Smith,18,419 William Curve,Lake Jill,Georgia,20746,-65.137347,64.621078
Michael Roberts,51,5309 Pope Parks,Luisburgh,New Mexico,22405,12.822874,35.6711165
James Jones,25,68570 Desiree Islands Apt. 041,North Nicholebury,Missouri,37273,-0.686556,-13.124015
Richard Mitchell,75,3391 Jose Inlet,Laurabury,Ohio,23348,147.452128,12.844495
Sara Love,54,6750 Adams River,Susanland,Illinois,99799,165.227893,-72.7557555
Kyle Cardenas,43,070 Tammy Course Suite 573,Lake Amanda,Utah,47783,15.538577,21.5696715
Connor Gomez,23,186 May Run,Lake Lisaburgh,Colorado,10161,152.019617,-47.1038975
Ryan Ingram,26,92784 David Meadows,Port Elizabethtown,Nevada,29187,-72.568565,-85.2273345
Tricia Rogers,62,9876 Lewis Path,Hernandezborough,Utah,95191,35.577786,-69.0522695
Andrew Nixon,77,392 David Glen,Lake Grant,California,17293,6.395495,-41.333954
Stacey Riley,74,7689 Jennifer Shoals Apt. 036,New Deanna,Idaho,30114,67.435254,-69.5503655
Jacob Gray,27,4190 Davis Roads Suite 697,Deniseburgh,New York,47328,-85.803917,-5.123479
Katie Green,68,16351 Lee Square Apt. 092,Rodriguezfort,Indiana,17998,141.293750,-25.4189375
Michaela Moore,36,3929 Freeman Heights,Lake Michelle,Idaho,65542,2.703503,-89.589347
Rebecca Benitez,76,66377 Thompson Ridges,South Daniel,Oregon,82593,-105.130329,5.091834
Julia Fisher,53,74189 Smith Mountain Apt. 618,Emilytown,South Carolina,80434,-10.976571,59.3596265
Jordan Carter,37,94841 Bowman Oval Apt. 478,Heidiland,North Dakota,79998,-56.846573,-89.5455895
Amy Robertson,75,98749 Wiley Locks,Johnsonhaven,Kentucky,67668,91.247668,9.3605235
Nicole Miller,47,553 Julia Summit Apt. 589,Kristineburgh,Idaho,69079,-88.737216,0.8067135
Andrew Smith PhD,18,8498 Walter Corners Suite 240,Edwardfort,South Carolina,70294,-69.022509,-33.2144145
Jonathan Donovan,42,5811 Galloway Land Apt. 393,Loganport,Hawaii,36135,-146.576015,68.6206295
Jake Price,69,950 Guerrero Row Apt. 302,South Matthewburgh,Michigan,22387,-16.976158,15.4916555
Steven Gross,28,385 Nicholas Corner,New Timothy,Iowa,21665,56.952786,-46.630688
Robert Reed,57,12653 Jeffrey Canyon Suite 510,Cherylhaven,North Dakota,57529,-54.531708,49.456221
Jon Finley,44,54065 Shane Ports Apt. 953,Port Richardville,New Jersey,64372,104.306137,-46.126232
Craig Brady,59,229 Alvarez Village,New Hannah,Kentucky,20261,76.695569,64.912125
Tracy Garcia,61,6872 Stephanie Freeway Suite 922,West Dawn,New Hampshire,86126,-13.416677,72.9511375
Robert Vazquez,48,748 Walker Extensions,Port Raymondville,Tennessee,24153,-150.355304,-45.352881
Dawn Carter,48,4964 Rivera Ports Apt. 930,East Sarah,Delaware,40202,123.991624,80.5472375
Andrew Smith,33,746 Brown Mission,Port Joshua,Tennessee,09784,-135.201142,-72.776264
Michelle Cox,78,8002 Jonathan Camp,Watsonbury,Illinois,04399,-114.319366,10.373425
Timothy Gordon,73,7796 Paige Cove Apt. 710,Lake William,Wyoming,08760,158.362353,11.8986065
Robert Woods,78,577 Ryan Crossing Suite 358,Jamesburgh,Hawaii,39038,88.368898,-82.729842
Melissa Randall,71,7740 Anderson Island Suite 316,Port Teresaview,Arizona,89483,25.086712,-30.2564705
Amber Klein,48,730 Gina Ramp,New Ashley,Pennsylvania,00612,-56.379461,-21.9810125
Gregg Garza,69,8073 Kelly Flats,Woodsfurt,Illinois,42030,0.957659,-0.860352
Ronald Snow,43,7877 Anthony Highway Apt. 095,West Kevin,Indiana,80996,147.717762,-38.405994
David Cabrera,26,6043 Fisher Shores,Cooperbury,Florida,72054,147.917105,35.6398055
Jorge Friedman,31,09047 Lopez Village,East Diane,Montana,31349,-28.636585,-38.2558705
Michael Davis,20,01001 Lee Corners,North Jeffreyside,Mississippi,99015,47.808749,23.176570
Mia Carter,45,469 Jeffrey Hills Apt. 374,Adamsborough,Minnesota,48803,173.440461,-81.765573
Dwayne Escobar,72,177 Riley Overpass Suite 812,Evansberg,Arkansas,02448,104.705217,-76.814109
Leon Ramirez,40,1901 Jessica Circle Suite 591,Zimmermanmouth,Kentucky,50507,112.111370,13.681213
William Brown,65,63923 Carla Stream Suite 760,Jamesmouth,New Jersey,36826,113.949198,-10.8539825
Chelsea Nguyen,56,295 Keith Viaduct,East Jose,West Virginia,82042,-17.663497,70.7040705
Regina Vasquez,54,20199 Angel Corners,Port Ericaport,Pennsylvania,13712,49.364100,-80.050956
Shane Mendez,40,950 Frank Way,West Rachelstad,California,29363,-176.212279,-10.878300
Lauren Nguyen,22,4340 Patel Trail,Donnaview,Mississippi,72205,62.132051,55.8235415
Lindsay Hopkins,33,177 Carmen Hill Apt. 905,Davidbury,Arkansas,12647,84.095631,89.8282255
Michael Wagner,71,6828 Kimberly Track,Pattersonfort,Florida,25328,96.051974,75.5582875
Robert Castro,53,160 Lisa Roads,Justinburgh,Iowa,43000,35.137675,-79.7990155
Kyle Scott,36,336 Graves Views Suite 288,Lopezbury,South Carolina,05340,-66.828948,-22.9456905
Robert Patterson,32,8428 Wallace Common,Robertoland,Idaho,30857,-135.545243,10.129252
Matthew Mcpherson,49,7516 Travis Points,New Kathleen,Wisconsin,86572,-83.426747,-13.795180
William Reynolds,44,9400 Horne Harbor,East Joshua,South Dakota,93979,-21.624900,76.548610
Andrew Salazar,34,89911 Chelsea Dam Suite 005,South Christopherview,New York,45780,-150.695686,84.963873
Dylan Martinez,44,504 Alexander Tunnel,Amandashire,Georgia,29419,-135.647188,4.520215
Jacqueline Conner,54,75831 Samuel Brooks Suite 144,North Jenniferbury,Massachusetts,30904,142.678481,-66.5812885
Cole Miller,24,35608 Stevenson Row,West Keith,Kentucky,84430,171.120950,-67.013853
Lisa Gregory,80,4390 Caroline Rapids Apt. 205,Pierceberg,Rhode Island,63418,-90.656196,23.3019275
Ashley Lopez,76,4175 David Port,Kristaville,New Hampshire,57562,127.597198,85.921560
Brenda Gordon,47,366 Kevin Crest,Port Jacobland,Missouri,24870,-48.813232,-8.8148745
Dillon Davis,24,3626 John Locks Apt. 699,Lake Annette,Ohio,90178,88.438276,20.3315905
Jennifer Carson,48,858 Brown Pass Suite 421,New Elizabeth,South Carolina,89038,-170.395305,-78.1175785
Rachel Moreno,27,216 Copeland Ferry,Stevenfurt,Kentucky,59553,-148.876254,-74.013627
Stephanie Evans,26,017 Whitehead Village Apt. 692,New Jefferyhaven,Nevada,12469,-150.933818,40.2175815
Donald Smith,53,88674 Alicia Corner,Hendricksburgh,Idaho,35102,-11.876272,89.179010
Amy Rosario,24,998 Ryan Orchard,West Charles,Michigan,24071,55.759577,-28.2331695
Matthew Peterson,68,46615 David Park Apt. 670,Mcdowellview,Connecticut,63146,90.528889,-46.8973755
Edward Taylor,24,347 Marc Forges Suite 802,Brewershire,Minnesota,90746,-80.316351,-5.576459
Kathleen Wilson,34,353 Michael Hollow Apt. 172,Port Carrie,Oregon,83167,57.703062,60.982457
Jonathan Martin,35,0715 Ward Plaza,Bradfordborough,Alabama,49496,102.450390,-47.124589
Donald Taylor,34,1999 Ferguson Road,Sharpborough,Minnesota,09607,27.039858,-15.704551
Laura Riddle,29,717 Katherine Throughway,Romeroborough,Alaska,39100,-8.435554,58.971209
Robert Powers,65,0910 Wilcox Shore Apt. 806,Barbaramouth,Arizona,93134,93.695642,61.505770
Katrina Bauer,27,421 Keith Knolls Suite 908,Montoyahaven,New Jersey,61657,-30.181455,-78.316854
Frederick Harrison,49,65403 David Trail,Fuentesfort,New Hampshire,31820,64.588659,87.273078
Lori Fisher,29,7291 Martin Passage,South Bradley,Minnesota,96509,-5.461390,-5.507737
Veronica Werner,57,53964 Smith Lodge,West Deborahchester,Alaska,76779,32.527489,80.827446
Laurie Harris,63,69668 Antonio Branch Suite 325,Erikmouth,Kansas,87400,3.821093,48.163443
Daniel Sanchez,30,4865 Barnes Highway Apt. 382,Stephanieshire,Oregon,46316,136.000702,87.7294985
Nicole Banks,59,46264 Johnson Mount Apt. 321,Port Marybury,New Hampshire,49682,163.606030,-70.523421
James Craig,46,4962 Hall Motorway Suite 098,Lake Johnbury,Washington,08916,-166.222706,17.280144
Zachary Knapp,58,652 Laurie Branch,Smithtown,Kentucky,46456,60.159015,42.6461425
Michelle Warner,49,8863 Brianna Cliff,Jasonfurt,Kansas,01776,-30.344378,5.119103
Shannon Byrd,51,40270 Campbell Parkway Suite 139,Sarahbury,Wyoming,26984,-37.294833,-78.3159775
David Rogers,60,69301 Brown Grove,East Chelseafort,West Virginia,47466,-140.864138,87.1201715
Jordan Glenn PhD,21,915 Mitchell Club,Patelfort,Colorado,44464,-117.397312,-68.3363225
Jim May,49,78444 James Plaza,Elizabethmouth,Idaho,85204,108.553725,-50.325849
Leah Sandoval,61,176 Mary Ridges Suite 552,Fowlerstad,Utah,04262,11.816317,39.766322
Kelly Gamble,22,5701 Cunningham Brooks,Josephville,Connecticut,33857,29.993905,84.833703
Brooke Robles,73,74446 Andrea Drives,Salastown,Arizona,36784,122.912956,-19.7747945
Jacob Williamson,38,865 Harper Hill,Heathertown,Idaho,38430,44.046855,-37.050629
Jim Jordan,28,87612 Jordan Pine,Meyerborough,Alabama,78770,-124.014630,-88.5449505
Christopher Jones,62,41025 Beasley Views Apt. 005,New Laura,South Carolina,59212,-69.761545,40.5127455
Jonathan Torres,38,91544 Weeks Plaza Suite 216,South Jasonfurt,Nebraska,22414,-40.386650,-62.4855015
Sabrina Moreno,23,64122 Jones Row Suite 182,South Lauren,Washington,07673,-106.935844,8.990288
Miranda Alvarado,51,835 Jonathan Canyon Apt. 807,Kimberlyfort,Massachusetts,66287,-6.569209,-86.8969775
Jordan Kelly,56,541 Janice Dam,Howardton,Oregon,67899,7.387958,-71.1628915
Laurie Blackwell,78,748 Kathleen Ferry,Michaelton,Georgia,84131,-102.789536,-30.6792005
Jared Harris,47,9979 Gross Knolls Apt. 972,Tinaberg,Hawaii,71385,109.301259,85.541143
Jeanette Reynolds,63,35073 Boyd Causeway Suite 769,North Marybury,Nebraska,13811,59.778306,83.013210
Andrew Torres,51,294 Adkins Crest Suite 935,Durhammouth,Maine,51931,153.041565,15.268329
James Salazar,35,23592 Peterson Ridge,Lake Dianafurt,Arizona,05563,-18.272058,-69.279971
Rebecca Palmer,41,462 Sergio Course,South Julie,Alaska,92812,-130.730343,-45.4641205
Caroline Thompson,62,84474 Holly Isle Apt. 395,Geoffreybury,Arizona,27282,133.466523,-52.8716335
Sarah Horne,25,842 Dean Curve,New Paulland,Louisiana,60673,-98.007848,12.882461
Megan Reese,22,38747 Rogers Prairie Suite 672,Courtneyfurt,Wyoming,66629,134.936674,-50.0846925
Deborah Hayden,25,559 Courtney Summit,Brownhaven,Mississippi,97260,-177.862822,-85.134337
Jacob Proctor,75,64271 Hamilton Green,Leahberg,Wyoming,32157,72.210481,-42.264174
Richard Williams,66,4112 Jones Island Apt. 622,North Robertview,Utah,77572,-12.953030,-29.3180925
Shannon Poole,43,17896 Aaron Drives Suite 028,East Codyberg,Wyoming,31546,-76.586490,-12.739701
Alexandra Gallegos,68,2252 Robin Cape,Robertschester,Washington,35481,105.497936,-68.985915
Maria Johnson,28,233 Angela Cape Suite 314,East Rebecca,Tennessee,82875,-123.346450,71.8301965
Brittney Le,64,95975 Clark Fort,Josephville,South Dakota,49580,-121.263887,-69.654997
Katherine Silva,45,0300 Caitlin Underpass,East Michael,Louisiana,73627,147.317151,69.3514775
Kaitlyn Schultz,64,7846 Montes Dale Suite 900,South Bridget,Montana,07404,-25.039690,49.927436
Monique Thompson,33,491 Laura Junctions Apt. 492,Jeffreyhaven,Illinois,88864,11.537574,-88.8167445
Jose Hamilton,34,87466 Richardson Burg,Port Joantown,Colorado,05807,168.704454,1.217069
Charles Reynolds,42,3631 George Underpass Apt. 623,Phillipshaven,Mississippi,31555,114.429264,85.814754
Mrs. Abigail Smith,72,965 Dunn Passage Suite 116,East Paulstad,Arizona,86295,-118.402011,-64.451790
Heather Smith,68,316 Cross Vista,North Amberbury,Pennsylvania,47057,-7.572563,-78.5846005
Mary Harrison,41,8179 Coleman Circle Apt. 190,Nicholaschester,Iowa,09025,-148.591073,-26.900331
Joshua Robinson MD,28,7316 Kevin Courts,New Caleb,Louisiana,11381,66.022482,-24.9489105
Joshua Ellis,21,289 Dalton Crescent Suite 061,Pittmanview,Maine,38467,10.617929,-75.649217
Robert Johnson,27,38734 Rivers Trail Apt. 121,Elizabethhaven,Indiana,52220,-18.131684,5.818928
Samantha Chan,46,93997 Daniel Freeway,Lisaport,Utah,68881,-168.140012,2.8520985
Michael Proctor,33,131 Barr Plaza Suite 969,Matthewsview,Utah,51967,29.446334,87.1302625
Erik James,35,05605 Smith Meadows,Andersonville,Mississippi,22110,24.623918,40.180375
Jackie Robbins,80,81515 Decker Views,New Aprilchester,Maine,24778,-177.809290,41.238925
Deanna Jimenez,55,199 Barnes Lake Apt. 195,East Williamhaven,Nebraska,76264,-135.550711,-48.8269905
Dr. Joseph David,79,929 Leah Route,Colemanchester,Montana,65908,-21.849872,-28.027071
Kelly Gray,64,217 Marisa Turnpike,Kiaraburgh,Indiana,30853,-132.151549,26.3494815
Linda Smith,69,038 Katherine Canyon,North Caitlinland,Wyoming,12349,89.541679,-41.6228505
Joshua Bryant,64,54873 Richard Walks,North Melissa,Massachusetts,25718,13.242396,-5.3322015
Michael Lee,74,185 Paul Orchard,East Roy,South Carolina,36055,-88.322656,53.638525
Steven Ho,61,42143 Christine Island,Sheilaland,Wisconsin,40928,38.265606,-37.4355185
Dustin Wood,30,7174 Tara Inlet Apt. 822,Kingtown,Indiana,48305,67.767613,61.540188
Margaret Nichols,37,17365 Charles Road,Julieton,Minnesota,14241,-4.878226,-35.825569
Justin Jones DDS,24,41645 Amy Lake,Lake Katherinetown,Arkansas,59714,147.637541,-56.0084815
Kimberly Juarez,57,619 Smith Manor Apt. 707,North Cynthia,Connecticut,25681,123.311730,67.826093
Frank Young,39,96666 Roberto Manor,Port Kellyton,Maine,13082,-141.396416,65.6811265
James Berry,18,4155 Joshua Orchard,South Cindy,North Dakota,29569,-50.284973,44.8392735
Brian Harris,19,89128 Mathis Trafficway,South James,Ohio,13189,16.363897,-79.4188755
Kristina Rodgers,78,19898 Haley Dam Apt. 666,Kimberlystad,Kansas,78983,103.697007,5.714863
Steven Davis,46,9838 Julie Forks Apt. 633,South Ryan,Connecticut,42096,-178.936607,67.142981
Shannon Hernandez,37,143 Amanda Garden Suite 799,Port Lesliemouth,Wisconsin,55185,-13.686090,70.6682375
Aaron Sharp,48,5556 Green River Suite 436,Kennethville,Alabama,97272,-167.670816,-53.381482
Michael Morales,54,259 Chad Well,East Derrick,New Mexico,80832,36.688701,-4.985841
Vanessa Jackson,54,881 Jarvis Forks Suite 404,East Derrick,Kentucky,33789,-32.664879,-89.677240
Charles Miller,42,359 Page Fields,West Anitabury,Virginia,54691,122.808988,-52.1434555
Michael Russo,24,5809 Christopher Throughway,Jeanneland,Arkansas,69544,-165.764220,-88.3645415
Matthew Cruz,69,07956 Torres Lane,Lake Tyler,Alaska,02843,53.667959,-57.368730
Sherry Campbell,40,7444 Brooke Burg Suite 893,Owensstad,Alaska,70831,-135.638511,79.011645
Kelly Hartman,56,588 Johnson Dam Suite 667,Joshuaborough,Hawaii,73018,93.854133,48.9052925
Cynthia Orr,38,727 Vance Canyon Suite 824,East Douglasfort,North Dakota,79400,42.964282,56.6602935
Sarah Evans,66,9656 Hamilton Terrace Suite 947,Cookberg,Connecticut,46631,-131.072052,-37.9150105
James French,45,78474 Pearson Track Suite 392,Rodgersburgh,New Hampshire,32462,-148.843148,-32.266468
Ryan Cook,18,8169 James Shoal,Davidhaven,Oregon,54599,-128.673441,-53.596480
Susan Hart,21,3659 Catherine Pike,Danielmouth,Florida,69256,179.211245,-68.402661
Aaron Williams Jr.,62,8809 Jessica Shoal Apt. 506,New Jessica,Utah,13828,114.509238,61.2811885
Misty Rodriguez,79,77811 Tristan Pine Apt. 793,Brownbury,Iowa,47657,-102.435211,51.078687
Christopher Miles,32,484 Nancy Locks,Perezbury,Arizona,48299,-18.317057,35.679303
James Cunningham,65,49080 Garcia Drive,Youngville,Alaska,45770,-178.570096,-46.192932
Sheila Hernandez,22,3981 John Gardens,North Cheyenne,Vermont,91167,-113.660962,-48.0605325
Kimberly Crawford,68,862 Hampton Tunnel,Tiffanymouth,Washington,33959,28.559489,63.322723
Jeffrey Ferguson,63,623 Griffin Fort Apt. 183,Elizabethton,Connecticut,68048,178.337827,61.047297
Joseph Hahn,49,93013 James Prairie,Lake Reneeland,Connecticut,89493,-123.134600,-82.770307
Charles Rodriguez,30,797 Nicholas Pike Apt. 830,South Jonathan,Alabama,53520,97.899499,-49.025471
Joan Herman,55,6286 Davidson Drive Suite 714,Ashleyport,South Dakota,13645,-159.834946,-75.845060
Renee Martin,55,51208 Walker Stream Suite 696,West Kimberlyborough,Louisiana,59510,-126.962034,66.929108
Edward Arroyo,31,1973 Allison Lakes,Michaelport,Indiana,65176,13.265247,-54.410700
Michael Wilson,59,68541 Mayer Plains,New Lisa,Massachusetts,71130,120.256486,28.8671185
Christian Rodriguez,70,25584 Barbara Motorway,North Joel,Maine,03405,173.031521,-39.192209
Casey Smith,30,9238 Richard Island,Osbornchester,Michigan,86743,-35.439080,-50.1148865
Joshua Robinson,21,980 Emily Square Apt. 515,North Wendy,South Carolina,07116,-50.035232,-14.564357
Angela Baker,27,7986 Jennifer Centers Suite 665,Pattersonshire,North Dakota,78414,52.170477,-3.1545415
Alice Nunez,75,681 Spencer Drives,North Ashleymouth,Illinois,65743,110.626614,31.7818115
Timothy Norton,62,4437 Diaz Drive Suite 418,North Allisonville,South Dakota,08261,-124.400787,50.600106
Jonathan Walton,77,25563 Perry Pike Suite 073,West Marissa,Rhode Island,64255,-7.721694,-22.216718
Joseph Ford,56,0388 Alexandra Spur Apt. 864,Johnton,Georgia,82770,4.181894,24.874617
Steven Campbell,77,548 Hart Cliff,Kaitlinshire,Arkansas,25729,-62.707858,48.663049
Elizabeth Miller,50,077 Courtney Village Apt. 585,Port Tylerborough,Kentucky,48457,-172.185096,86.905315
Anna Daniels,68,646 Adriana Mills,New Shawnport,Washington,55741,55.757963,-69.095804
Julie Cox,45,40032 James Island Apt. 975,Garciatown,South Carolina,05014,106.522810,-55.553659
Richard Gilbert,49,96021 Martinez Turnpike,Krystalville,Alaska,91068,-130.283208,-9.3026425
Rhonda Evans,80,009 Gregory Skyway,Darylmouth,Massachusetts,71961,27.205075,-70.356050
Michael Marquez,19,30943 Miller Crescent,New Jesse,Colorado,31704,164.814952,50.083250
Michelle Meyer,59,4256 Salinas Street,Smithton,Massachusetts,37026,12.807834,45.2480275
Stephen Hayes,43,9385 Schmidt Centers,West Marcmouth,South Carolina,49447,-166.312040,-84.6273875
Cristian Clark,49,7003 Justin Orchard,New Graceside,Missouri,07401,78.138382,59.5487005
Megan House,25,9185 Clark Haven Apt. 430,East Thomas,New Mexico,77815,-164.341653,-72.686646
Anthony Williams,46,50940 David Keys Apt. 706,Douglasbury,Nebraska,14890,-58.728655,-19.395451
Theresa Chambers,20,59858 Taylor Pike,Pattersonland,Kentucky,60465,24.008855,-54.0844695
Kelly Wallace,79,319 Ware Cliffs Apt. 096,Keithberg,Washington,25209,-46.913791,70.1444625
Donna Hays,34,4715 Leonard Lodge,New Brianhaven,California,28949,-17.989401,-79.1398325
Steven Smith,21,78650 Ramos Stream,East Marytown,West Virginia,76357,-170.044844,-44.2378475
Sean Armstrong,53,205 Lynn Viaduct Apt. 724,Michaelfort,New Hampshire,79984,-173.346410,-39.299707
Chelsea Graves,47,0175 Clark Pass Suite 233,Carrilloburgh,Minnesota,31389,136.565839,-80.905646
Lisa Hansen,73,38948 Leah Drives,Cynthiaville,Mississippi,88696,151.279212,-83.119553
Marcus Williams,25,9776 Micheal Rue Apt. 569,Debbietown,Oregon,59496,-65.926565,-43.595405
Stephen Mccormick,48,4209 Green Canyon Apt. 924,Walterton,Iowa,49004,-43.847883,40.171103
Todd Murphy,46,387 Kathryn Expressway Suite 752,East Jessica,Arizona,27074,-1.751849,-32.445234
Ashley Cervantes,58,9052 Gibson Union Suite 855,Wendytown,Connecticut,88764,-154.480047,63.8036485
Jonathan Wilson,79,592 Gonzalez Terrace,Port Sara,New Mexico,04556,-74.630806,-53.831299
Stephen Franco,27,900 Samuel Pike Apt. 953,Ambershire,Virginia,57776,110.673914,75.034989
Mario Lawrence,47,93451 Jackson Islands,South Samanthaland,Wyoming,48781,89.837823,58.469503
John Harvey,69,24168 Jessica Stream,Peterview,New Jersey,61916,-16.437518,20.0546495
Penny Mcbride,40,0407 Jesse Estates Suite 188,Robinsonchester,Tennessee,78381,-68.021131,81.467845
Robert Bryan,42,7978 Lopez Extensions Apt. 500,Timothystad,Arizona,45532,122.222769,-86.1926445
Rodney Green,25,0062 Kent Port Suite 003,South Kimberly,Illinois,49301,162.887779,53.879986
Mary Barry,51,584 Donna Track Suite 811,Lopezton,Mississippi,67159,-110.657879,80.347246
Amanda Brown DDS,55,25639 Nunez Harbors Suite 763,North John,Louisiana,81177,-80.939507,87.2375265
Danny Edwards,66,947 Burns Causeway,West Brendaport,Oklahoma,14578,-151.526938,-44.837799
Pedro Little,46,0559 Blake Meadow,Matthewton,Missouri,28154,-84.423007,-33.4615235
Clarence Hall,64,2924 Henry Wall Apt. 535,Graymouth,Virginia,84838,39.317738,-85.0349735
Eduardo Raymond,52,24397 Ochoa Path,New Matthewburgh,South Dakota,08517,164.396010,62.824331
Ryan Graves,67,857 Mendez Locks,Angelafort,Louisiana,37630,-63.425874,72.297594
Megan Martinez,67,17701 Johnson Flat,Lindseytown,Louisiana,09248,172.336973,63.8123145
Brittany Murray,22,050 Shawn Loaf,New Joeland,Kentucky,41608,-167.505548,-72.857248
Heather Lewis,77,5480 Tim Prairie Suite 481,West Madeline,New Jersey,90856,179.872156,-48.386867
Sierra Hall,39,84792 Michelle Fort,Lake Davidton,Mississippi,67750,-56.612308,-82.3710205
Matthew Walters,54,16412 Norman Meadows,North Stephanieborough,Virginia,97026,-65.325549,82.7944645
Lauren Ward,59,400 Michelle Port,Lake Joshuafort,North Dakota,45708,-103.222293,-31.168296
John Collins,18,8090 Nichole Place,Barnesport,North Carolina,88277,25.773964,-78.4196385
Darren Davis,72,03885 Davidson Islands Suite 272,West Tonytown,Connecticut,90623,142.970067,-26.858245
Cynthia Duran,36,237 Barnes Corner Suite 121,Hickmanmouth,Arkansas,44125,-60.750282,19.396425
Carrie Gonzalez,66,2195 Casey Camp Apt. 979,North Shane,North Dakota,87299,149.034488,-8.5949675
Ethan Torres,45,852 Crystal Mill,Lisastad,Colorado,64677,160.721509,62.034624
Ronald Mercado,66,28061 Cynthia Loop,West Maria,New Jersey,64007,-63.973187,-23.306354
Alex York,48,72589 Warner Walk Suite 478,Gillville,Louisiana,84360,-148.694511,-70.100318
John Newton,67,5845 Anderson Cape,East Kennethchester,Mississippi,66476,178.810217,62.075061
Garrett Le PhD,43,998 Blevins Spur Suite 599,Helenborough,California,18525,-98.677148,39.981337
Laura Walter,66,28107 Sabrina Motorway,New Xavier,Alabama,02582,107.931519,-62.807848
Natasha Peterson,66,5675 Aguilar Centers Suite 779,Port Angela,Vermont,37760,81.186841,-71.7892935
Cheryl Harper,54,68404 Kelley Plains Suite 399,Cynthiachester,Florida,06199,-21.341906,-60.175756
Jennifer Jackson,72,352 Jensen Plaza Apt. 671,Alishafurt,North Dakota,33206,-99.785553,72.962723
Tyler Bryan,76,27991 Russell Squares Suite 059,Amandaton,New Jersey,07757,-79.118098,-72.655303
Elizabeth Stewart,65,878 Ana Drive Suite 170,New Michaelstad,Hawaii,38746,157.455347,16.9897525
Edgar Johnson,67,0868 Salazar Inlet,South Codyport,Georgia,68384,-128.847776,-64.6094815
Jeremy Harrison,79,282 Simmons Knoll,Tomview,New York,97966,136.727841,65.3375265
Linda Williams,61,8820 Smith Camp Suite 215,Port Mary,Alabama,96993,-19.365257,-27.0696825
Anthony Dudley,30,409 Frey Burg,Eatonstad,New Mexico,01365,97.267727,-21.1759145
Donald Hernandez,18,58751 Schultz Inlet Apt. 474,Jonathanbury,Alabama,87557,-65.380199,69.135814
Martha Arias,57,5553 Newman Run Suite 639,Lake Scott,South Carolina,10114,-137.698484,41.246546
Emily Jones,59,3192 Cook Well,New Jamesmouth,Virginia,21188,-33.082810,-82.3849985
Mrs. Kim Snyder DVM,80,030 Shane Wall,West Anabury,Delaware,80420,-38.433253,-4.2952375
Christopher Smith,67,4472 Debbie Islands Suite 245,East Christopher,New York,71844,-106.738966,-44.431731
Matthew Tran,39,90416 Christopher Highway Apt. 103,West Stephen,Florida,21287,28.666026,2.2802385
Sabrina Vang,59,04385 Ashley Land,West Aaron,Mississippi,79295,-50.830739,71.4799745
Jeffrey Rogers,66,419 Kristen Drive Suite 806,East Tricia,Maryland,82738,91.105882,-39.195455
Austin Thompson,32,64155 Brenda Inlet Apt. 954,East Lukeland,Kentucky,87711,-162.778819,10.348314
Robert Lewis,62,201 Jonathan Mount Suite 527,Jamesview,Mississippi,16249,69.251735,79.1645995
John Roberts,57,52748 Turner Forge,Turnerhaven,North Carolina,73125,17.328164,-77.4688085
Lisa Rodriguez,30,43834 Smith Circle,Ashleyport,Arkansas,52741,-59.336956,72.495470
Suzanne Hoffman,75,47995 Palmer Trail Suite 723,East Laura,Massachusetts,29473,61.816717,89.262651
Kendra Tucker,33,9227 Dodson Prairie Apt. 241,West Jennifer,South Dakota,91232,-57.659858,-62.903471
Kimberly Parker,30,842 Amanda Roads,Gonzalesbury,Georgia,57656,-88.309168,-44.3603035
Katherine Dennis,47,86559 Jonathan Run Suite 701,Myerschester,North Carolina,94997,59.563518,18.227166
Kristen Rocha,69,6935 Becky Ridges Apt. 405,Lake Jacobhaven,Connecticut,23443,-32.460763,86.5159625
Cynthia Roberts,49,083 Mitchell Junctions,West Melissa,Washington,32789,-23.919107,45.868625
Paul Foley,26,484 Joyce Center,Rogerside,Tennessee,31610,-31.634911,-35.798735
Donald Miller,77,9098 Lee Terrace Apt. 205,Jessicafurt,Illinois,30511,-48.173777,20.251027
Karen Schroeder,67,7507 Alexander Squares,Katrinatown,South Dakota,78930,-174.320457,22.4116265
Roberta Cruz,30,206 Sergio Squares Apt. 970,Kirkfurt,North Carolina,01740,-106.055760,-13.0360555
Danielle Adams,21,5161 Hughes Camp,New Jeremymouth,Connecticut,35552,-137.933542,80.9289745
James Estrada,67,4661 Terry Knoll Apt. 302,North Barbara,Pennsylvania,91826,118.941119,36.054323
Amanda Thompson,27,05105 Matthew Burgs Apt. 141,North Edwinside,Oklahoma,19779,93.464545,42.977889
Jacob Sanchez,45,618 Regina Summit,West Laurafurt,Michigan,07832,94.587846,-77.149193
Katherine Bradshaw,78,0539 Shaw Ways Suite 409,Mossland,New York,83859,106.900382,-75.322588
Lisa Castaneda,41,600 Sarah Plains,Matthewsstad,Nebraska,01363,-20.212609,24.5308165
Kaitlyn Mcdowell,45,03261 Jeffrey Extension Apt. 811,Lake Jonmouth,South Carolina,29720,68.652304,-42.1702705
Cassandra Gray,63,328 Joseph Forge Suite 912,Port Meredith,Connecticut,70181,-45.998275,-25.3610285
Joshua Lewis,70,2507 Washington Keys Apt. 723,Erinfurt,Minnesota,69550,-119.395846,-50.973281
Brian Meadows,25,002 Pamela Walks Apt. 951,South Maurice,New York,16576,-59.432488,85.025751
Gina Walker,29,363 Angela Lane Apt. 213,Lake Samanthatown,Idaho,12738,92.325724,86.1046505
Susan Henry,37,26957 Cain Wall,New Edward,Arizona,12463,21.029804,52.6346005
Mary Goodwin DVM,53,60667 Fowler Port,Carolynland,Arkansas,59002,2.830825,55.149405
Lindsey Hernandez,68,20173 Wiley Light,North Sarah,Oregon,65622,-13.485871,-59.7580995
Benjamin Russo,41,34735 Malik Mountains Apt. 769,New Carl,North Carolina,48487,51.804485,39.290705
Michael Newman,71,95853 Leon Trafficway Apt. 055,Lindseyburgh,Arkansas,37336,-28.085416,25.9461935
Steven Woods,48,85081 Savannah Expressway,East Jodi,Delaware,66985,-96.314592,-50.484480
Jennifer Smith DVM,31,300 Peters Loop,Lake Donald,Idaho,07437,-22.021141,-65.813867
Amanda Sullivan,46,9651 Gregory View,East Justinchester,Nevada,50269,-37.050597,-81.3429715
Jonathan Marks,50,4051 Amanda Extensions Apt. 476,North John,Connecticut,12192,127.486193,-45.224470
Troy Kelly,24,0641 Michael Forges Suite 065,Jeanland,Florida,25874,137.270935,43.281917
Mary Allison,74,6941 Ray Inlet Suite 256,Jamesside,West Virginia,20253,39.230817,12.3644895
Renee Harris,69,272 Ryan Neck Suite 817,Newmanmouth,Arkansas,17243,17.865246,59.1811625
Allen Arnold,36,9643 Jordan Mountains,East Nicholas,Rhode Island,73371,-23.824117,-48.1458475
Michael Henderson,50,906 Anthony Trail,Rodneyberg,New Mexico,87398,-15.999809,87.388441
Laura Martinez MD,55,2286 Jessica Flat Suite 755,Port Meaganville,Washington,40700,5.064211,-41.3788395
Joel Armstrong,77,724 Tucker Cape Suite 824,West Ricardo,New Jersey,52516,-104.365966,-67.927468
David Bullock,47,1367 Russell Spring,Mariemouth,Colorado,93298,121.983209,-33.618043
Ebony Owen,63,8400 Barbara Key Suite 644,New Allisonland,Georgia,38700,128.710498,-36.554570
Deborah Vang,42,049 Michael Lights,Robynshire,Illinois,38965,122.454422,-80.118864
Alexander Smith,63,732 Michelle Inlet Apt. 575,South Matthew,Georgia,10634,-91.216349,48.748303
Jessica Rangel,69,8928 Ferguson Stravenue,Floresstad,Iowa,65865,166.634771,23.807756
Debra Dawson,28,9623 Monica Turnpike Suite 445,Annahaven,Florida,42984,25.358209,-9.324558
Lindsey Wilson PhD,65,7015 Jones Plains Apt. 862,Josephton,Kansas,84480,2.132498,-33.904051
Patrick Lucero,49,80603 William Underpass Apt. 259,Elizabethfort,Indiana,66002,-19.356275,-23.758802
Sandra Cooper,69,531 Brianna Flat,Sanchezburgh,Iowa,23185,93.480630,-12.6439565
Christopher Adams,48,18307 Dorothy Cove,Williamstown,Florida,15997,-15.610434,47.7780295
Eric Soto,36,794 Smith Spring Suite 955,Ramseybury,Michigan,41291,69.816076,-49.8148765
Aaron Shaffer,42,323 Skinner Hill Apt. 633,West Johnstad,Minnesota,81367,-126.742379,57.4508075
Caleb Mccoy DDS,41,5024 Oliver Walks,Jensenchester,Arizona,63252,-52.519309,39.874069
Stephanie Hamilton,18,26212 Long Gardens Apt. 082,Richardville,Colorado,68141,-4.252400,-52.645769
Lisa Robertson,79,216 Clayton Viaduct Apt. 194,Stonemouth,North Dakota,17218,-120.226997,-4.599320
William Long,33,372 Jay Inlet,East Janetberg,Nebraska,87747,39.971836,-79.264705
John Cunningham,75,597 Leslie Parks,South Hannahborough,Arizona,81801,-52.236591,-5.211313
Victor Goodman,77,34227 David Underpass,West Juliastad,Texas,51411,-73.797261,-59.1645745
Victoria Barry,21,32335 Eileen Burgs Suite 738,Joshuafort,Arkansas,65812,-172.548063,-4.6616655
John Peterson,74,8314 Elizabeth Mews Apt. 549,Lake Michaelfurt,Alabama,68570,-74.411964,18.427802
Joseph Adams,71,522 Gregory Valleys,Lake Alexander,Vermont,10993,-64.522343,-22.6838265
Jason Colon,23,0518 Bailey Parkway,West Gabriellastad,South Dakota,38083,137.648366,-2.391959
Lauren Brown,40,75080 Carlson Field,Millsfurt,Alabama,05760,72.731143,69.9830975
Matthew Jones,34,9913 Dominguez Rue,Lake Dennisfurt,Idaho,32361,-60.398186,-86.171317
Paula Rose,24,3155 Freeman Crescent,Lake Lisastad,California,09308,-69.057143,36.577310
Shelby Brown,27,8461 Forbes Oval Suite 633,Lake Veronica,Illinois,83312,-39.241447,-37.524246
Dawn Fitzgerald,24,37365 Bradley Estate Suite 849,South Jesseland,Virginia,25931,-110.712691,45.5687755
Michelle Garrett,28,9776 Melissa Road,West Andrea,Nebraska,47877,-147.992860,-30.7998345
Susan Foster,58,97219 Cohen Mountains,Garciaport,Washington,88333,68.104647,-12.7966615
Robert Johnson,74,173 Price Locks Apt. 039,Phillipsmouth,Connecticut,65136,-116.795412,-35.129541
Rebecca Hanson,68,59934 Trevor Turnpike,East Codyburgh,Wyoming,44815,94.036593,-63.487058
Cheryl Smith,65,507 Greg Land Apt. 775,Serranotown,New Mexico,28553,44.669205,-68.383105
Christopher Carrillo,57,20167 Alicia Street Suite 270,North Emmatown,Nebraska,72864,-98.799193,51.815532
Abigail Strickland,49,7429 Michelle Mount,Lake Dominicberg,Washington,87688,-162.731966,83.118183
Kelly Gardner,42,427 Patricia Plains Apt. 543,Torresbury,South Carolina,45650,-39.584466,22.604353
Benjamin Jones,20,095 Tamara Fords Apt. 455,Osborneberg,Texas,89827,-149.022393,-15.3210965
James Martin,36,73427 Robert Canyon Suite 995,Lake Johnport,Oregon,63825,-164.395806,-83.4458465
Michael Rose,69,23574 Smith Bridge,Keithbury,Wyoming,38100,50.983360,28.5432545
Ronald Mckay,35,6846 Mark Villages,Bowmanland,Mississippi,56688,88.945552,67.9425765
Christina Velasquez,19,9615 Kyle Bypass,Port Amber,Connecticut,35432,-46.711341,33.9705255
Arthur Howard,72,040 Michael Park Apt. 668,South Kara,South Dakota,46061,-64.070409,50.973216
Robert Johnson,21,99027 Turner Turnpike,Port Thomas,New Hampshire,73969,-158.930458,88.3869465
Wesley Long,19,4710 Eric Brook Apt. 452,Floresmouth,Indiana,39903,146.496856,34.2851725
Spencer Walker,37,059 Carmen Knoll,North Scott,Arkansas,31806,149.952336,47.745707
Randy Chapman,39,64837 Emily Forks Apt. 475,Adrianhaven,Iowa,13691,-177.300072,27.845051
Randall Hanson MD,38,8942 Roberts Lodge,South Caitlynborough,Michigan,50917,56.232476,38.6590055
Anne Vincent,74,0647 Emily Circles Apt. 018,Cervantestown,Kansas,70043,162.760370,-15.1208295
Andres Chapman,57,69648 Hudson Pines Suite 028,Novakbury,Indiana,42653,171.030046,-64.367798
Rhonda Valentine,77,22098 Sherry Cliffs,Wilsonberg,Connecticut,76629,13.358526,-63.488443
Taylor Gonzalez,60,519 Knox Meadows Apt. 016,Costaside,Kentucky,71867,-133.476861,-15.882060
Victoria Rollins,47,375 Jackson Views Suite 897,Davidberg,Louisiana,80441,9.194122,-55.891081
Derek Turner,23,942 Wood Pass Apt. 917,East Emily,Ohio,26660,-12.860884,45.4318075
Kyle Williams,24,2613 Anthony Hollow,New Christopherborough,Maine,10254,8.571665,-29.8702755
Diane Hunt,36,8290 Andrew Crescent,Port Chris,Rhode Island,52633,152.961868,-76.955374
Robin Walker,71,2971 Sarah Corner Suite 623,Alexiston,West Virginia,31408,84.096893,-67.458781
Julie Robinson,18,11856 Wilson Cape,Port Danielleport,Michigan,91684,-107.721891,63.372381
Vanessa Smith,46,3914 Michael Causeway,Lake John,Louisiana,47493,135.893203,-10.204777
Brenda Elliott,29,8646 Sullivan Estates Apt. 634,Debramouth,Arizona,66811,-90.744336,3.431758
Mrs. Heather Wright,29,77938 Patricia Canyon,Jacksonland,Oklahoma,51700,77.977639,16.5561085
Lance Fowler,57,608 Solis Springs Apt. 847,Sherrybury,Tennessee,57499,121.063085,81.7068815
Leslie Fuentes,71,32205 Parker Viaduct Suite 832,Sweeneyburgh,Florida,42651,-150.115686,-33.1426385
Alyssa Church,56,7372 Mcfarland Expressway Apt. 947,Trevormouth,North Dakota,85873,-50.434831,-21.922465
Penny Deleon,47,24092 Hickman Pines Apt. 551,West Emilyside,Virginia,96715,-164.822282,66.065040
Madison Stout,39,0331 Dawn Meadows,Debrabury,California,81901,-78.427331,32.4431145
Kyle Crane,41,462 Kimberly Shoal,New Brenda,Colorado,14033,-87.589169,-35.9773335
John Morales,38,452 Abbott Lights,West Stephanie,Virginia,49697,-128.109118,-29.9410425
Tina Hayes,35,432 White Isle,Petersonborough,Michigan,97249,89.600589,49.559899
Robert Johnson,30,621 Jonathan Summit Suite 872,Clarkmouth,Connecticut,08555,162.934322,38.926933
Eric Douglas,54,6096 Stephanie Prairie Apt. 750,Mcneilbury,Delaware,37951,-58.709570,-64.931319
Bethany Johnson,39,4869 Sara Mission Apt. 112,Caseyfurt,Kentucky,68652,138.906010,15.207365
Krystal Smith,78,13101 Arthur Views,Brianton,Hawaii,48950,-19.413612,10.240297
Susan Brown,31,36899 Dale Orchard Suite 691,East Michaelton,Arizona,23594,-99.846810,21.107469
Michael Rivera,41,897 Jeremy Lock Apt. 441,Port Jeffrey,Missouri,32441,73.828666,56.227898
Veronica Kramer,36,77733 Allison Burg Suite 965,Tuckertown,Alaska,59335,-74.629650,-85.1973615
Kelly Wilkerson,23,7964 David Glens,Port Stevenshire,Rhode Island,91860,13.770075,22.0519685
Jessica Sexton,60,264 Martin Heights Suite 800,Rangeltown,Tennessee,65404,94.964642,-46.284783
Theresa Bailey,25,7263 Stewart Branch,Jamestown,Hawaii,92662,13.358711,10.809346
Tonya Hobbs,65,068 Jeremy Trail Apt. 699,Friedmanland,Michigan,38246,-61.614164,56.5946565
Nicholas Kaiser,24,17943 Nancy Bypass,New Bobby,Connecticut,18231,94.668125,75.941875
Abigail Fritz MD,36,4113 Zachary Fort Suite 429,Hickschester,Texas,58935,-122.367901,-70.2737285
Jennifer Martinez,53,03510 Moore Hollow,New Ashleyshire,Nevada,41777,-111.724000,-62.0019115
Melissa Huff,37,38778 Mike Flats Apt. 870,West Cheryl,Kentucky,03354,176.278365,88.1057725
Tristan Perez,30,9040 Lindsay Springs,West Kyle,Nevada,70851,71.291824,16.4835125
Nicholas Cameron,65,27370 Laura Ridges Apt. 606,Gregoryhaven,New York,06683,32.184672,67.599232
Janet Mcconnell,31,9244 King Course Suite 465,South Jennifer,Pennsylvania,93012,-126.835555,24.2576875
April Collins,76,62692 John Point,Lindaburgh,Rhode Island,23875,-21.448307,29.721043
Mrs. Christina Keller,38,214 Nelson Isle,North Lauraton,Texas,61335,175.313913,-9.432866
Tanner Carter,20,600 Jonathan Meadows Apt. 790,Lake Elijah,Florida,09488,-115.933973,-60.778104
Michael Hicks,35,3950 Walton Terrace Apt. 724,Danielside,Utah,79086,-74.645468,-22.2791495
Justin Lopez,42,8923 Johnson Pass,Aaronmouth,West Virginia,33335,-161.547243,85.6755615
Michelle Berry,25,5260 Jesse Land,Martinezburgh,Massachusetts,32272,-102.180652,-49.2464705
Adam White,31,374 Jessica Ports,Stefaniemouth,Wisconsin,71130,-153.026564,-66.8957105
Alicia Best,68,28401 Evans Haven,East Nicholas,Montana,20773,98.460734,7.5392025
John Burton,53,813 Amanda Cove Suite 491,Huynhberg,Hawaii,70223,-75.310087,6.4232745
Karen Myers,47,392 Jason Highway Suite 449,Greenview,Pennsylvania,82946,-99.940031,37.381930
Morgan Mcdowell,72,572 Nicole Course,Anthonybury,Rhode Island,49499,-151.502960,16.1592145
Thomas Robinson,46,89282 Sean Garden,South Jason,Nevada,25760,-144.639475,30.703145
Robert Myers,44,637 Kayla Circle,Mariastad,New Jersey,94038,94.552095,-72.059770
Jennifer Clarke,21,880 Troy Pine Apt. 766,East Lisa,Rhode Island,18191,133.367321,42.6645215
Amanda Gutierrez,58,4644 Vargas Parks,Lake Gary,New Jersey,46935,138.077054,-44.7710305
Beverly Davis,19,125 Andrew Manor,Sarahmouth,Mississippi,38576,33.693379,23.863603
Sarah Lee,75,607 Jamie Street,Paigeshire,Texas,27319,138.401343,82.051827
Joseph Bryant,52,20767 Jones Tunnel,Evansshire,New Jersey,65670,93.254629,37.0172055
Tony Bennett,30,7285 Bradley Burg,Rachelfort,Florida,17786,-34.671097,-73.768314
Brent Higgins,60,48528 Anderson Causeway,Oliverview,Utah,96484,-114.709234,-26.9990525
Joe Martinez,55,38188 Timothy Streets Suite 352,Lake Andrew,Alaska,38801,17.828459,68.159863
Julie Perry,55,027 Carla Harbor,Pattersonside,Nebraska,20316,34.348826,-64.0697915
James James,57,232 Francisco Meadow Apt. 808,Benjaminchester,Massachusetts,74753,97.050151,1.8031775
John Walsh,27,6826 Jennifer Crossing,New Tonimouth,Oregon,01850,-63.440492,15.1618675
Jonathan Matthews,69,0778 Kelly Key Apt. 245,East Isabelstad,Alabama,28531,177.902702,-60.099837
Joseph Jacobs,26,51302 Stephanie Stream,South Amandatown,Texas,32214,-133.578477,51.5321775
Marissa Mcconnell,37,483 Betty Mission Suite 814,Brownmouth,Tennessee,02940,-39.456153,4.999161
Kathleen Irwin,72,8845 Smith Turnpike Suite 826,Adamberg,Florida,07996,-124.788395,-55.647139
Catherine Smith,55,78160 Rogers Lane Apt. 535,South Haroldstad,Arkansas,69823,-25.052578,29.7664035
Robert Daniels,39,47831 Heather Gateway Suite 652,Port Michael,Louisiana,70611,-106.960771,47.333807
Sean Alvarado,54,5749 Dennis Mews Apt. 226,South Jose,Alabama,27319,119.528084,31.179706
William Nichols,67,34802 Riddle Brooks,Crawfordberg,Arkansas,51076,53.865821,66.2695515
Katherine Nelson,60,34723 Suarez Mountains,Port John,Mississippi,21616,132.754482,-22.582372
Walter Morrow,24,843 Munoz Island Suite 694,Tinaland,Connecticut,46619,-16.294895,-66.711958
Nicole Bowers,63,0062 Lisa Junctions Suite 265,West Jennystad,Hawaii,71765,118.082379,23.633229
Mark Mendoza,45,66055 Julie Plains Apt. 142,North Cynthia,Tennessee,26768,45.213740,-43.4142695
Karen Jones,62,3477 Cynthia Coves Suite 146,Annestad,Kentucky,07112,104.116592,-40.046020
Seth Burke,45,771 Joseph Common,Garnerbury,Vermont,59424,-24.961180,-37.672831
Zachary Snyder,29,04522 Jones Curve Apt. 498,Perrybury,Delaware,17675,-3.906239,-0.5691995
Michael Gutierrez,51,473 Jones Mountains,Port Ryan,Illinois,44467,159.465568,79.016883
Joshua Henry,43,1157 Arthur Roads Apt. 291,West Tiffany,New Mexico,94444,114.041959,69.4834555
Holly Castillo,47,6743 Lauren Walks,North Veronicaton,South Carolina,51981,-126.955711,-21.6257065
Monica Arnold,26,905 Matthew Junction Apt. 804,Johnside,Washington,92421,-72.101310,56.158859
Elizabeth Gordon,79,8373 Noble Oval,New Kennethview,Maryland,36129,70.843433,21.103492
George Flores,49,782 Robinson Forks Suite 684,Lake Kimberly,South Carolina,95019,59.767452,-47.970792
Robert Lee,56,033 Patrick Ways,Michaelville,Delaware,18753,76.429555,5.2304305
Ashley Pace,58,53017 Rivera Squares Suite 771,South Dariusfurt,Arizona,44834,17.540023,-43.9537785
Shawn Johnson,54,868 Rivera Fall,New Paulborough,Maine,88172,-58.467186,3.000906
Ann Jones,41,384 Powers Estates Apt. 507,Jodiborough,Florida,22075,107.748277,5.3487785
Andrea Johnson,41,2734 Jack Light,Juanside,Utah,23754,74.459465,-56.561817
Lisa Scott,40,110 Greer Club,Byrdberg,Tennessee,07720,-175.848629,75.0793575
Mr. Michael Hoffman DVM,54,23614 Cuevas Plaza,Port David,Mississippi,77220,14.099019,-39.5672705
Seth Brown,51,44932 Bishop Glen,Codymouth,Alabama,38643,-5.558797,-65.8783005
Cameron Miller,26,6958 Hoffman Square,Gonzalezfort,Delaware,02163,-97.302085,42.112364
David Martin,75,35256 Terry Circles,Browningchester,California,12389,-81.075360,-52.8285185
Christina Thomas,50,081 Smith Drives Apt. 568,Johnstonmouth,Oregon,84717,3.764548,-66.1357625
Mrs. Amber Bailey DDS,46,3301 Gregory Key Suite 424,Ronnieberg,New Mexico,97719,-136.390312,-23.736510
James Gonzalez,79,7904 Donaldson Mills,South Brianfort,Maryland,77079,97.185473,29.273788
David Graham,27,548 Carlos Village,Justinmouth,Delaware,94438,65.939526,-66.105285
Shawn Black,37,372 Dawn Harbor,West Albert,Nevada,20969,128.497704,30.175809
Roy Nelson,31,236 Harris Shoals,South Taylor,South Carolina,65498,-160.702836,76.2256825
Tyler Haas,30,43649 Steven Mall,Reidfort,Idaho,69398,177.444152,-32.315576
Jacob Sandoval,33,86152 Greene Creek,Georgeside,Connecticut,54668,-48.216682,-64.9860615
Amanda Ballard,78,138 Floyd Freeway,Port Randy,Montana,63949,158.872317,-13.042408
Evan Moore,50,350 Gamble Neck,Tamaraville,New Hampshire,48493,-69.987179,-29.3861635
Christie Mccoy,20,56403 Mitchell Creek Apt. 332,Lake Paul,Indiana,80448,126.176493,-6.209387
Justin Glenn,43,14281 Abigail Estate,Farrellton,Delaware,42712,140.169281,31.0134015
Sandra Scott,61,074 Flores Greens Suite 762,Hessview,Tennessee,51691,133.374619,-80.8412355
Robert Rush,50,854 Mathis Meadow Suite 323,Reillyside,Missouri,50880,179.560138,45.8549905
Phillip Thompson,44,3107 Ferrell Turnpike,Katelynside,Arkansas,08962,171.010052,-28.787975
Michele Bryan,44,52084 Kimberly Parks,Port Amyhaven,Virginia,91684,89.125041,45.6548325
Omar Jones,20,77874 Lauren Meadows,New Zachary,Alaska,27612,-112.760916,0.5226035
Kimberly Snow,60,2039 Carpenter Circle,Derekhaven,Utah,48747,-95.377207,-54.051898
Emily Mack,50,015 Daniel Loop,East Matthewhaven,Pennsylvania,86989,-156.924769,-44.464868
Carolyn Campbell,75,6556 Giles Tunnel,Hullview,Washington,68650,35.462092,17.643365
Darlene Lewis,79,5408 Clinton Loop Apt. 743,Port Jacquelinestad,Tennessee,91891,2.829075,-70.3176955
Rebecca Swanson,67,765 Scott Trail Apt. 505,Melindamouth,West Virginia,91213,105.909828,-70.326490
Cameron Grimes,64,8567 Doris Ports,Lake Amanda,Illinois,99442,44.562043,72.1744695
Bill Morton,71,0563 Kristin Islands,South Amyshire,Connecticut,35161,79.968068,-83.269572
Brandon Chen,67,91903 Patricia Villages,Rosemouth,Pennsylvania,42944,-177.235569,-26.123536
Christopher Sutton,78,2484 Johnson Knolls Suite 877,Snyderhaven,West Virginia,22517,23.671683,20.3259585
Melissa Cole,68,82891 Amy Glen,Boonetown,Georgia,15020,118.087085,70.608407
Kathy Rodriguez,78,50683 Adams Ways,West Brendanside,Pennsylvania,48307,-64.806572,-23.214085
Jodi Ryan,59,2455 Christopher Village,Susanstad,Kansas,11373,-175.499935,-13.0857185
Desiree Gonzalez,20,4404 Dana Islands,East Erikaland,Wyoming,17176,-146.443918,68.715610
William Rios,25,55871 King Station,West Amanda,Utah,12073,113.962013,9.600605
Kevin Mendoza,66,360 Kendra Views Suite 348,Acostahaven,California,52819,-112.800308,58.5905195
Theresa Nolan,34,23401 Mason Streets,Lake Elizabeth,New Hampshire,85187,47.222996,15.967567
Scott Harrington,71,78435 Chelsea Way Apt. 575,Petersville,California,60870,142.182447,-61.2859765
Laurie Haas,41,6509 Rice Square Suite 124,North Ashley,Iowa,01580,-37.417552,55.162186
Casey Livingston,32,09997 Brandon Lodge Apt. 943,Lake Susan,Texas,99739,-51.043720,0.179405
Douglas Patterson,74,4630 Brown Isle Apt. 602,North Alexander,Iowa,78699,-84.612592,-82.403649
Jacqueline Bond,50,70544 Dawn Falls,West Courtneyhaven,Washington,88008,-37.839755,-57.633090
Kimberly Walsh,42,69912 Barrett Alley Suite 183,Michelleport,Iowa,29475,12.958580,20.5089635
Victoria Perez,26,514 Nelson Tunnel,New Chelsea,South Dakota,40188,-13.605676,-84.984951
Kelly Perry,20,72233 Gregory Ford,East Jason,Louisiana,23605,133.780181,58.8641845
Justin Palmer,41,827 Griffin Ports,Elizabethmouth,Massachusetts,67573,-7.778316,34.815755
Melanie Phillips,60,75029 Lee Landing Suite 685,Atkinsonburgh,North Dakota,01531,51.356774,-10.202892
Amanda Brown,62,1995 Calderon Ridge,Lake Jakeburgh,Texas,17581,31.177922,-62.3070185
Sean Gonzalez,67,39521 Jessica Keys Suite 896,Brittanytown,New Jersey,34529,154.186319,65.5176595
Kevin Garcia,23,6181 David Centers,Jessicashire,Nebraska,37250,135.643482,-86.458224
Jeff Jones,26,771 Farrell Mission Apt. 602,Theresaview,Alaska,18019,-76.822682,-74.945512
Sarah Conway,57,0263 Johnson Flats,Cooperborough,Wyoming,65393,37.458041,43.1242845
Gregory Morton MD,58,51726 James Springs,South Ernestborough,Minnesota,88202,-31.217915,65.0612155
Danielle Scott,42,75803 Khan Trail,South Sylviabury,Florida,67930,164.543918,-65.381717
Joshua Barr,74,91735 Mata Streets,New Frances,Rhode Island,85220,41.725982,37.0043275
Catherine Lopez,43,2462 Martha Mission Apt. 344,South Oscar,Connecticut,41180,135.825649,38.6199205
Teresa Moore,66,597 Kerry Lodge Suite 497,Holmesstad,Alabama,73450,-94.468537,46.5411675
Christopher Hall,60,203 Michael Fields,Port Reneeton,Arizona,98790,-115.378420,-61.1511455
Albert Arroyo,63,82818 Sandra Springs Apt. 009,Lake Jerry,Tennessee,36540,-28.767781,-66.8056545
Dwayne Rodriguez,73,5608 Carlson Island,Stewartshire,Kansas,91713,57.551520,55.696241
Kimberly Serrano,54,42493 Douglas Parkway Suite 234,Lewismouth,Connecticut,56696,-65.084022,-63.831092
Jonathan Evans,46,14765 Justin Loaf,Kingchester,Iowa,74339,-153.886540,65.6563335
Benjamin Porter,33,412 Butler Shoals Suite 977,West Williamview,West Virginia,78396,-54.202448,83.088575
Lindsay Trevino,71,83870 James Union,Lake Daniel,Ohio,11407,82.131846,58.590527
James Keller,33,792 Jonathan Knoll,West Jessicaburgh,Missouri,20952,4.404568,47.827433
Christine Phillips MD,34,0134 Rivera Passage Suite 996,Woodchester,West Virginia,60642,178.614619,28.2037845
Rachel Mendoza,70,378 Rebecca Islands Suite 819,South Johntown,Montana,19051,104.244348,89.0642335
Karen Smith,31,45232 Wood Crest,Montoyashire,South Dakota,64190,-15.349940,58.6089955
Traci Little,64,11848 Daniel Course,Port Brian,North Dakota,88801,114.550626,55.9041455
Andre Hall,19,73043 Kristen Rest Suite 786,South Meagan,Alaska,56847,-171.767373,49.037668
Michael Wu,65,8709 Elizabeth Course Suite 455,Lake Keith,Wyoming,98030,3.309217,-77.8734395
Luis Martin,70,78601 Jeffrey Pines,Carolynview,Arizona,83237,-19.592461,-25.8481125
David Mclean,33,564 Jacob Forks Apt. 158,Morenoview,Idaho,13399,155.614959,-8.271346
Jillian Jackson,67,276 David Crescent Apt. 400,Hinesfurt,Idaho,16444,92.067351,13.478463
William Carter,20,498 Hutchinson Squares,East Jill,Tennessee,45723,-29.806028,69.868600
Kenneth Foster,33,8642 Joseph Road,Fostershire,Kansas,37713,31.685490,-7.4851525
Raymond Campbell,75,112 Fuller Causeway Apt. 046,New Jodiport,West Virginia,30532,-16.594776,-4.1086345
Jonathan Hernandez,50,6683 Daugherty Court Apt. 702,South Courtneyland,Alabama,37626,177.584565,33.449968
Gregory Garcia,45,4550 Loretta Burgs Suite 132,Sanchezstad,Maryland,77996,-145.092981,31.615751
Kyle Douglas,19,6814 Amber Fords,New Mary,Florida,72375,22.997348,-77.0295015
Emily Summers,49,801 Price Row Apt. 194,Williamchester,Alaska,42830,132.428850,-87.9657925
Brian Chapman,48,220 Sean Branch,West Joshua,New Hampshire,47686,109.537243,79.1488725
Lauren Rice,79,881 Murray Tunnel Suite 538,Rhondaview,Delaware,81247,19.851306,-87.245185
Beverly Ochoa DVM,48,377 Elizabeth Village Suite 113,Marissafort,Vermont,72424,77.930634,69.7629525
Brenda Hale,26,98230 Miles Station Suite 527,South Deborahmouth,Michigan,47472,-143.493183,71.2704325
Joshua Dixon,58,02470 Thompson Branch Suite 689,East Craigchester,Missouri,74374,-124.657442,34.515232
Joshua Thomas,44,713 Joseph Course,Lake Veronica,Wisconsin,03511,-47.573687,71.6664985
Bob Owens,41,386 Mccall Common,South Aprilport,New Hampshire,37406,68.639674,-74.9119245
Heather Soto,62,3735 Debbie Mills,Jenniferside,Connecticut,81297,153.017732,5.581270
Timothy Reeves,24,032 Ramirez Port Suite 252,West Courtneyside,Nevada,89777,-129.382795,-11.6510665
Thomas Perez,67,064 Rebecca Vista Apt. 169,Brianstad,Florida,23014,-147.078258,49.5714475
Richard Cunningham,53,857 Elliott Estates,Port Sarahbury,New Jersey,52783,120.494335,-80.232635
Jeffrey Cook,39,385 Chad Village Apt. 837,Whitechester,North Carolina,59440,52.299927,-61.091001
David Carroll,39,744 Bradley Knolls,New Jorgeview,Connecticut,23982,70.050055,-24.216950
Miss Amanda Thompson,22,1567 Miller Valleys,Bennettmouth,Wisconsin,44371,67.504041,84.306251
Anthony Cardenas,32,595 Chelsea Trafficway,West Chelsey,Idaho,66708,81.917383,-15.3076935
Gregory Christensen,44,57743 Brittany Lakes,Robertsonmouth,South Carolina,65494,-73.272033,-7.8928055
Christopher French,33,16136 Jacob Point Apt. 701,Millerstad,New Mexico,32850,-139.302578,45.338779
Tammy Phillips,57,5732 Gomez Harbors Suite 433,West Lindafurt,North Dakota,99659,-84.425305,-31.2237445
Michael Snyder,68,86024 Davila Squares,Johnmouth,Michigan,27660,-14.387307,-36.0942805
Sean Parrish,56,247 Donaldson Views Apt. 586,Peterfort,Maryland,34130,-62.037980,31.652714
Bryan Jenkins,34,0112 Crystal Pines Apt. 848,Wrightstad,Maine,45745,160.549119,-70.5634135
Catherine Shaw,26,06809 Torres Stravenue,New Tony,North Carolina,22394,-59.690620,73.8803055
Jared Munoz,44,3967 Megan Burgs,Rebeccahaven,Maine,68173,-43.831110,54.6625295
Shane Bryant,59,33479 Yesenia Lane Suite 407,New Stephaniefort,Illinois,19290,-23.235316,-77.256802
Ronnie Sherman,23,54421 Margaret Ford,Port Kimberlybury,Tennessee,52326,34.565315,-39.687125
Jacob Frye,78,504 Hatfield Stravenue Apt. 256,Port Michaeltown,Rhode Island,19531,149.162166,15.466596
Natasha Sanchez,37,5375 Miller Ferry,East Lindaland,Oklahoma,88570,-53.238718,64.437614
Lisa Moon,79,41931 Adam Gardens,Johnsonmouth,Georgia,56910,-60.981625,-76.2067895
Stephanie Hartman,64,839 Anthony Fords Suite 951,Smithberg,Arkansas,82258,-6.982341,-75.483974
Kiara Greene,18,574 Bradley Crescent,Johnsonton,Maryland,14758,-1.521929,-63.0270035
Julie Hicks,33,21713 Barajas Creek,South Jodi,West Virginia,50918,152.165202,-37.9808535
Amanda Thompson,79,93895 Palmer Extension,West Ashleyborough,Delaware,71990,28.383067,88.395575
Kristen Haney,57,114 Miranda Green,West Christopher,Oklahoma,61875,-143.649914,77.2598485
Michael Smith,76,52223 Martin Fork Apt. 961,Keithbury,Iowa,22966,24.939786,17.3662955
Jasmine Christensen,42,4115 Juan Circles Apt. 474,New Georgefurt,Maryland,40391,-117.807313,63.0667345
Ashley Johnson,44,07953 Cook Harbors Suite 101,Goldenshire,Kansas,97683,-111.669673,-84.510693
Hannah Evans,50,5520 Lara Dale,East Marktown,Alaska,19768,112.492367,11.5233245
Mr. Troy Wright,71,74802 Amanda Fields,Rayfort,Connecticut,42940,-56.080299,-44.453096
Edward Alvarado,53,153 Sarah Vista Apt. 436,Wilkinsborough,Maryland,79020,99.340857,68.4494685
Ethan Booth,58,688 Justin Cove Suite 390,Lake David,New York,21722,-100.011024,-6.6026325
Ryan Jones,37,65598 William Freeway,Johnsonberg,Montana,64093,169.332279,-43.472914
Jacob Douglas,64,739 Roberto Port Apt. 056,Johnville,Delaware,08623,-133.339503,26.872410
Michelle Nelson,30,48116 Kenneth Mills Suite 074,Douglasport,Washington,87495,-53.653192,-37.0663895
Scott Anthony,41,76053 Roy Lodge,Johnnyport,Iowa,62308,-145.327982,14.575006
Rebecca Avila,46,04012 Lisa Mission,South Andrewview,Nebraska,64343,94.834039,-56.445288
Heidi Rodriguez,58,26474 Fox Rapid,Lake Luisshire,California,25713,-21.015839,13.536391
Kathryn Parrish,31,6024 Martin Rapid Apt. 333,Sherryfurt,Louisiana,07328,176.626609,-11.517334
Monica Watts,43,7693 Gavin Track Apt. 803,South Samanthaberg,Illinois,70494,-91.699880,71.832903
David Smith,54,04962 Brock Glens,Vincentland,California,24439,139.983536,36.7172515
Summer Larsen,31,3642 Day Points,Marciashire,South Dakota,06812,-149.423545,-4.202665
Gary Novak,51,428 Sean Route Suite 152,Lake Elizabethberg,Montana,07562,-85.045222,50.256355
Kathleen Hess,24,3853 Dominic Way,East Lindaborough,Mississippi,31036,15.087340,87.7620895
Thomas Jones,41,77538 Jason Shores Apt. 081,East Carolmouth,Utah,69430,47.556733,-25.083788
Kathryn Martin,31,69459 Johnson Drive Suite 136,Lake Nicolemouth,Ohio,97888,-164.990247,-89.3234455
Kenneth Moore,71,46043 Williams Ridges,South Heather,Tennessee,29067,34.706801,-27.755095
Nicole Medina,75,77888 Julie Burg Suite 828,Port Jessica,Wyoming,38665,43.094649,85.5861515
Jorge Anderson,40,5896 Salazar Throughway,New Katherineburgh,Louisiana,07999,51.762154,18.9990955
Theresa Cross,77,697 Moore Valley Suite 623,North Gary,Missouri,44829,104.531228,40.825598
Mark Kelly,65,946 John Cliff Apt. 335,West Emilybury,Oklahoma,58824,179.688671,12.524908
Tara Franklin,37,78109 Guerrero Bypass Suite 203,East Carol,Kansas,73695,-66.586601,-86.362641
Christopher Lewis,27,93675 Williams Dale,Nguyenchester,New Hampshire,19023,-169.163543,-23.030137
Wanda Odonnell,40,04379 Barber Radial Apt. 138,Lake Ashley,Michigan,62034,140.107750,26.2840555
William Miller,80,7463 Lutz Hollow,North Douglasfurt,Montana,02556,128.106302,55.108722
David Oliver,58,369 Johnston Falls Suite 865,Pottsland,New York,06473,118.039301,-18.645235
Joseph Ortiz,38,68306 Melissa Lane Apt. 829,Port Christine,Texas,68719,-43.122037,-66.1362605
Sarah Richardson,23,3888 Jennifer Grove Suite 750,Zacharyburgh,Tennessee,21766,-154.310215,51.663545
Jonathan Garcia,64,343 Jeffrey Lakes Suite 920,Nguyenland,New Hampshire,25387,-135.757972,78.7835455
Adrian Hughes,71,123 Madison Field,Port Kimberlyfurt,Texas,27327,25.950228,60.580145
Steven Gonzalez,63,18140 Simon Light Suite 807,Port Michael,Tennessee,63799,-127.517692,54.282837
Elizabeth Schwartz,76,50737 Baker Oval,West William,Iowa,95303,94.664252,68.4378435
Kelly Barr,56,6772 Harvey Ferry,Paulburgh,Montana,86331,171.744876,-76.142291
Spencer Schwartz,47,7567 Richards Bridge Suite 413,Sweeneybury,Maine,82633,-75.489477,55.7132395
Sandra Hill,52,51655 Payne Circles Suite 379,Bakerberg,Ohio,61741,-129.737809,33.443636
Angela Morales,52,76063 Myers Pike Apt. 092,Keithview,New York,77958,-47.433951,-39.702150
Jean Perkins,34,1948 Velasquez Parkways Apt. 304,Port Lindseyshire,Minnesota,43000,60.550659,3.2835705
Angela Fernandez,18,2971 Rodriguez Spur,North Stacieton,Georgia,28833,-165.144339,-68.931698
Kimberly Johnson,24,2477 Amanda Skyway,Averymouth,Colorado,15456,-34.886672,-67.5713185
Crystal Collins,78,98501 Foster Valleys Apt. 636,Tateburgh,Minnesota,45192,60.237617,73.630458
Debra Barnes,43,2856 Christopher Forest Apt. 115,Wilcoxstad,Pennsylvania,77562,165.903525,20.097255
